time_sec,raw_deg
1783235097.1244898,30.09
1783235097.1344335,30.09
1783235097.144301,30.09
1783235097.1544816,30.09
1783235097.1645007,30.09
1783235097.1744523,30.09
1783235097.1845343,30.09
1783235097.1944177,30.09
1783235097.2044358,30.09
1783235097.2203069,30.09
1783235097.235497,30.09
1783235097.2444324,30.09
1783235097.2545712,30.09
1783235097.2643917,30.09
1783235097.2744803,30.09
1783235097.2844985,30.09
1783235097.2943003,30.09
1783235097.3043478,30.09
1783235097.314345,30.09
1783235097.3300688,30.09
1783235097.3343725,30.09
1783235097.3442905,30.09
1783235097.354327,30.09
1783235097.3642685,30.09
1783235097.3743355,30.09
1783235097.384414,30.09
1783235097.394418,30.09
1783235097.41038,30.09
1783235097.4143174,30.09
1783235097.4243202,30.09
1783235097.4345849,30.09
1783235097.4442973,30.09
1783235097.4543688,30.09
1783235097.4643252,30.09
1783235097.4743326,30.09
1783235097.484348,30.09
1783235097.494395,30.09
1783235097.5043728,30.09
1783235097.5143995,30.09
1783235097.524314,30.09
1783235097.5343122,30.09
1783235097.5343933,30.09
1783235097.5443537,30.09
1783235097.554328,30.09
1783235097.5643222,30.09
1783235097.574348,30.09
1783235097.5843446,30.09
1783235097.5943568,30.09
1783235097.6043983,30.09
1783235097.614309,30.09
1783235097.6243038,30.09
1783235097.6344564,30.09
1783235097.6445246,30.09
1783235097.6546195,30.09
1783235097.6643689,30.09
1783235097.674392,30.09
1783235097.6844416,30.09
1783235097.6944337,30.09
1783235097.7043679,30.09
1783235097.7144468,30.09
1783235097.724354,30.09
1783235097.7344236,30.09
1783235097.7443562,30.09
1783235097.7544928,30.09
1783235097.7644136,30.09
1783235097.774333,30.09
1783235097.7845154,30.09
1783235097.7943754,30.09
1783235097.8043842,30.09
1783235097.8143735,30.09
1783235097.824403,30.09
1783235097.8344228,30.09
1783235097.8443933,30.09
1783235097.8545053,30.09
1783235097.8644066,30.09
1783235097.8800886,30.09
1783235097.8844821,30.09
1783235097.894515,30.09
1783235097.904503,30.09
1783235097.914412,30.09
1783235097.9244192,30.09
1783235097.934361,30.09
1783235097.9444816,30.09
1783235097.9543433,30.09
1783235097.9643166,30.09
1783235097.974542,30.09
1783235097.984423,30.09
1783235097.9946558,30.09
1783235098.0045433,30.09
1783235098.014478,30.09
1783235098.0244753,30.09
1783235098.034413,30.09
1783235098.044514,30.09
1783235098.0544631,30.09
1783235098.0646644,30.09
1783235098.074449,30.09
1783235098.0843985,30.09
1783235098.0943801,30.09
1783235098.1044288,30.09
1783235098.1143858,30.09
1783235098.124391,30.09
1783235098.1344652,30.09
1783235098.1443853,30.09
1783235098.1544578,30.09
1783235098.1643925,30.09
1783235098.1743715,30.09
1783235098.1844501,30.09
1783235098.1943564,30.09
1783235098.2043746,30.09
1783235098.2143912,30.09
1783235098.2243977,30.09
1783235098.234375,30.09
1783235098.2443988,30.09
1783235098.254393,30.09
1783235098.2646482,30.09
1783235098.2747498,30.09
1783235098.284494,30.09
1783235098.2944436,30.09
1783235098.3044546,30.09
1783235098.3144448,30.09
1783235098.3244295,30.09
1783235098.334482,30.09
1783235098.3445919,30.09
1783235098.3544724,30.09
1783235098.3644865,30.09
1783235098.3745122,30.09
1783235098.3846624,30.09
1783235098.394529,30.09
1783235098.4046657,30.09
1783235098.4145064,30.09
1783235098.4245052,30.09
1783235098.4345713,30.09
1783235098.4445012,30.09
1783235098.4544795,30.09
1783235098.4645607,30.09
1783235098.4744737,30.09
1783235098.4847033,30.09
1783235098.49449,30.09
1783235098.5045013,30.09
1783235098.514534,30.09
1783235098.5244935,30.09
1783235098.5345595,30.09
1783235098.5445096,30.09
1783235098.5544882,30.09
1783235098.5645776,30.09
1783235098.5744417,30.09
1783235098.5845706,30.09
1783235098.6001709,30.09
1783235098.6044774,30.09
1783235098.6145406,30.09
1783235098.62455,30.09
1783235098.6345506,30.09
1783235098.6445873,30.09
1783235098.654603,30.09
1783235098.6645947,30.09
1783235098.6745486,30.09
1783235098.684595,30.09
1783235098.6946142,30.09
1783235098.7045963,30.09
1783235098.714629,30.09
1783235098.724568,30.09
1783235098.7346113,30.09
1783235098.7445884,30.09
1783235098.7546916,30.09
1783235098.7645879,30.09
1783235098.7802799,30.09
1783235098.7848353,30.09
1783235098.7946956,30.09
1783235098.804585,30.09
1783235098.8146067,30.09
1783235098.8246138,30.09
1783235098.8402815,30.09
1783235098.8445303,30.09
1783235098.8602667,30.09
1783235098.8645837,30.09
1783235098.8745859,30.09
1783235098.8847728,30.09
1783235098.8947225,30.09
1783235098.904706,30.09
1783235098.9145322,30.09
1783235098.9244833,30.09
1783235098.9346151,30.09
1783235098.9445891,30.09
1783235098.9546378,30.09
1783235098.9646163,30.09
1783235098.9746192,30.09
1783235098.9845726,30.09
1783235098.9945636,30.09
1783235099.004629,30.09
1783235099.0146391,30.09
1783235099.0245624,30.09
1783235099.0346437,30.09
1783235099.0446143,30.09
1783235099.0545602,30.09
1783235099.0645745,30.09
1783235099.0802846,30.09
1783235099.0874166,30.09
1783235099.0945926,30.09
1783235099.104773,30.09
1783235099.1146,30.09
1783235099.124727,30.09
1783235099.1347322,30.09
1783235099.1446595,30.09
1783235099.1547232,30.09
1783235099.164591,30.09
1783235099.1745443,30.09
1783235099.1845133,30.09
1783235099.1945958,30.09
1783235099.204582,30.09
1783235099.214611,30.09
1783235099.2246392,30.09
1783235099.234582,30.09
1783235099.2446034,30.09
1783235099.254606,30.09
1783235099.2645924,30.09
1783235099.2746081,30.09
1783235099.2846239,30.09
1783235099.2945883,30.09
1783235099.3102667,30.09
1783235099.314788,30.09
1783235099.3243916,30.09
1783235099.3344197,30.09
1783235099.3443892,30.09
1783235099.3543482,30.09
1783235099.364492,30.09
1783235099.3744822,30.09
1783235099.3845265,30.09
1783235099.3945408,30.09
1783235099.4046288,30.09
1783235099.4144866,30.09
1783235099.424507,30.09
1783235099.4345975,30.09
1783235099.4444923,30.09
1783235099.4544284,30.09
1783235099.4644694,30.09
1783235099.4744408,30.09
1783235099.4844854,30.09
1783235099.4945762,30.09
1783235099.5046122,30.09
1783235099.5146976,30.09
1783235099.5246015,30.09
1783235099.5344756,30.09
1783235099.5503504,30.09
1783235099.5602741,30.09
1783235099.5646033,30.09
1783235099.5746179,30.09
1783235099.5846028,30.09
1783235099.5945826,30.09
1783235099.6046047,30.09
1783235099.6146104,30.09
1783235099.6246543,30.09
1783235099.6347384,30.09
1783235099.6447184,30.09
1783235099.6546645,30.09
1783235099.6644578,30.09
1783235099.6745474,30.09
1783235099.6844819,30.09
1783235099.6944666,30.09
1783235099.7045023,30.09
1783235099.7144759,30.09
1783235099.7244728,30.09
1783235099.7346334,30.09
1783235099.7444727,30.09
1783235099.7544441,30.09
1783235099.7645059,30.09
1783235099.7801752,30.09
1783235099.7845037,30.09
1783235099.7944689,30.09
1783235099.8044763,30.09
1783235099.8144689,30.09
1783235099.824472,30.09
1783235099.8345172,30.09
1783235099.8445313,30.09
1783235099.8545108,30.09
1783235099.8645544,30.09
1783235099.874582,30.09
1783235099.8847098,30.09
1783235099.894582,30.09
1783235099.904667,30.09
1783235099.9146743,30.09
1783235099.9245179,30.09
1783235099.9345472,30.09
1783235099.944586,30.1
1783235099.954573,30.11
1783235099.9645832,30.12
1783235099.9745016,30.16
1783235099.990156,30.27
1783235099.994477,30.330000000000002
1783235100.01025,30.36
1783235100.0147402,30.39
1783235100.0246224,30.44
1783235100.0345142,30.51
1783235100.0445242,30.66
1783235100.0544877,30.830000000000002
1783235100.0645015,31.0
1783235100.0744624,31.25
1783235100.0845287,31.55
1783235100.094597,31.82
1783235100.1045072,32.15
1783235100.1146095,32.480000000000004
1783235100.12461,32.82
1783235100.1347146,33.19
1783235100.1505442,33.53
1783235100.1546,33.9
1783235100.164524,34.25
1783235100.1745355,34.64
1783235100.1846182,34.980000000000004
1783235100.1945114,35.38
1783235100.2044885,35.71
1783235100.2146924,36.09
1783235100.224507,36.42
1783235100.23456,36.78
1783235100.2445085,37.12
1783235100.254528,37.44
1783235100.2645383,37.78
1783235100.2745392,38.08
1783235100.2845452,38.45
1783235100.2946777,38.77
1783235100.3045506,39.17
1783235100.3146725,39.53
1783235100.3246293,39.99
1783235100.3346498,40.39
1783235100.3446536,40.86
1783235100.3545744,41.28
1783235100.3646405,41.730000000000004
1783235100.3746574,42.18
1783235100.3846247,42.6
1783235100.3945727,43.04
1783235100.4046788,43.43
1783235100.4145405,43.86
1783235100.4245257,44.26
1783235100.4345338,44.71
1783235100.4445055,45.15
1783235100.4545264,45.61
1783235100.4701722,46.09
1783235100.474536,46.550000000000004
1783235100.484716,47.050000000000004
1783235100.4945998,47.5
1783235100.5046005,47.980000000000004
1783235100.5146294,48.44
1783235100.5246284,48.89
1783235100.5347233,49.38
1783235100.5446515,49.86
1783235100.5546854,50.370000000000005
1783235100.5645905,50.92
1783235100.5746589,51.45
1783235100.5847394,52.0
1783235100.5946188,52.56
1783235100.6046157,53.09
1783235100.61451,53.63
1783235100.6245832,54.160000000000004
1783235100.634677,54.72
1783235100.6446142,55.28
1783235100.654645,55.870000000000005
1783235100.6645484,56.480000000000004
1783235100.6745806,57.07
1783235100.6845772,57.65
1783235100.6945658,58.22
1783235100.7045321,58.79
1783235100.720186,59.33
1783235100.7245665,59.870000000000005
1783235100.734524,60.45
1783235100.7445216,61.050000000000004
1783235100.7545993,61.63
1783235100.764509,62.21
1783235100.7745268,62.800000000000004
1783235100.7846248,63.39
1783235100.7945266,63.93
1783235100.8045554,64.46000000000001
1783235100.814519,65.02
1783235100.824512,65.58
1783235100.834506,66.15
1783235100.8445365,66.73
1783235100.854509,67.32000000000001
1783235100.8645227,67.88
1783235100.8745058,68.41
1783235100.8846521,68.95
1783235100.894548,69.49
1783235100.9046543,69.99
1783235100.9146304,70.51
1783235100.9247928,71.07000000000001
1783235100.9346454,71.65
1783235100.9445658,72.24
1783235100.954521,72.84
1783235100.9645267,73.45
1783235100.97449,74.04
1783235100.9846501,74.64
1783235100.9946532,75.24
1783235101.004689,75.87
1783235101.0145776,76.53
1783235101.0245328,77.2
1783235101.0345886,77.87
1783235101.0447204,78.53
1783235101.0545545,79.13
1783235101.0645757,79.69
1783235101.0745728,80.26
1783235101.0845788,80.82000000000001
1783235101.0946126,81.38
1783235101.1045325,81.94
1783235101.1145482,82.51
1783235101.124648,83.03
1783235101.1403356,83.54
1783235101.14452,84.05
1783235101.1546514,84.53
1783235101.170163,85.0
1783235101.1745462,85.46000000000001
1783235101.1845903,85.91
1783235101.194522,86.38
1783235101.2048085,86.86
1783235101.2144995,87.33
1783235101.2245753,87.81
1783235101.2345736,88.27
1783235101.2446363,88.74
1783235101.2546499,89.18
1783235101.264621,89.60000000000001
1783235101.2746565,90.0
1783235101.2846322,90.38
1783235101.2946281,90.78
1783235101.3046002,91.15
1783235101.3146377,91.54
1783235101.3246217,91.91
1783235101.33465,92.3
1783235101.344648,92.66
1783235101.3546484,93.02
1783235101.3646507,93.36
1783235101.37468,93.7
1783235101.384722,94.03
1783235101.404733,94.35000000000001
1783235101.41481,94.67
1783235101.424553,94.97
1783235101.4346247,95.27
1783235101.4445605,95.55
1783235101.4545202,95.83
1783235101.4645786,96.13
1783235101.4746225,96.42
1783235101.484572,96.72
1783235101.494576,97.02
1783235101.504536,97.32000000000001
1783235101.5046172,97.62
1783235101.524549,97.89
1783235101.5345426,98.15
1783235101.544548,98.41
1783235101.5545542,98.65
1783235101.5645368,98.89
1783235101.5745034,99.17
1783235101.5845566,99.42
1783235101.5945537,99.66
1783235101.604552,99.95
1783235101.60463,100.2
1783235101.620267,100.46000000000001
1783235101.6247797,100.77
1783235101.6346636,101.04
1783235101.6446207,101.35000000000001
1783235101.6546967,101.68
1783235101.664555,102.01
1783235101.67456,102.37
1783235101.6845584,102.71000000000001
1783235101.6945055,103.09
1783235101.704559,103.46000000000001
1783235101.7145166,103.85000000000001
1783235101.7245824,104.23
1783235101.734537,104.63
1783235101.7445767,104.99000000000001
1783235101.754555,105.39
1783235101.764538,105.73
1783235101.7745562,106.11
1783235101.784524,106.45
1783235101.7945414,106.84
1783235101.804527,107.19
1783235101.8146017,107.58
1783235101.8245838,107.94
1783235101.8346522,108.33
1783235101.8445585,108.7
1783235101.854503,109.08
1783235101.8645651,109.46000000000001
1783235101.8745818,109.82000000000001
1783235101.8846533,110.19
1783235101.8947213,110.54
1783235101.9048104,110.91
1783235101.9145966,111.29
1783235101.9246223,111.7
1783235101.93465,112.13
1783235101.9445682,112.57000000000001
1783235101.9545743,113.06
1783235101.9646075,113.51
1783235101.9745648,114.0
1783235101.984556,114.51
1783235101.9946187,114.98
1783235102.0045588,115.48
1783235102.0145354,115.97
1783235102.0245483,116.43
1783235102.0345662,116.96000000000001
1783235102.0446138,117.49000000000001
1783235102.054673,118.02
1783235102.0645807,118.56
1783235102.074745,119.12
1783235102.0845733,119.62
1783235102.1001828,120.14
1783235102.1073482,120.79
1783235102.1202888,121.12
1783235102.127433,121.78
1783235102.1346424,122.18
1783235102.1447356,122.71000000000001
1783235102.1546836,123.25
1783235102.1645916,123.82000000000001
1783235102.1745949,124.36
1783235102.184563,124.88000000000001
1783235102.194661,125.41
1783235102.204533,125.94
1783235102.21456,126.42
1783235102.2245626,126.94
1783235102.2346456,127.51
1783235102.2447476,128.04
1783235102.254643,128.57
1783235102.2645538,129.14000000000001
1783235102.274514,129.65
1783235102.2846355,130.13
1783235102.294718,130.63
1783235102.3048024,131.06
1783235102.3146646,131.51
1783235102.3246455,131.98
1783235102.340302,132.41
1783235102.3473797,133.01
1783235102.3602715,133.32
1783235102.3647017,133.77
1783235102.3746662,134.18
1783235102.3904128,134.59
1783235102.3974032,135.1
1783235102.404738,135.35
1783235102.4146369,135.68
1783235102.4246697,136.02
1783235102.434549,136.32
1783235102.4445715,136.66
1783235102.4545999,136.94
1783235102.4646132,137.26
1783235102.474656,137.55
1783235102.4846337,137.83
1783235102.494572,138.12
1783235102.5045722,138.35
1783235102.5145934,138.58
1783235102.5245855,138.81
1783235102.5401735,139.02
1783235102.5473235,139.24
1783235102.5545423,139.36
1783235102.5701396,139.51
1783235102.5745764,139.70000000000002
1783235102.5846364,139.81
1783235102.5945659,139.91
1783235102.604575,140.01
1783235102.6145961,140.12
1783235102.6246204,140.16
1783235102.6346846,140.20000000000002
1783235102.6446614,140.24
1783235102.6547127,140.26
1783235102.6646242,140.3
1783235102.6747258,140.4
1783235102.6847434,140.49
1783235102.6946118,140.49
1783235102.7047102,140.43
1783235102.7145686,140.43
1783235102.7246242,140.43
1783235102.7347383,140.43
1783235102.7446702,140.43
1783235102.7601824,140.43
1783235102.7645802,140.43
1783235102.7745864,140.43
1783235102.784573,140.43
1783235102.8001547,140.42000000000002
1783235102.8045733,140.38
1783235102.8145988,140.34
1783235102.8245492,140.29
1783235102.8345628,140.26
1783235102.8445506,140.26
1783235102.854547,140.26
1783235102.8645566,140.26
1783235102.8745446,140.26
1783235102.8849478,140.26
1783235102.894646,140.26
1783235102.9047706,140.26
1783235102.9145806,140.26
1783235102.924657,140.26
1783235102.9347312,140.26
1783235102.9446495,140.26
1783235102.9545972,140.26
1783235102.9646387,140.26
1783235102.9745703,140.27
1783235102.9845436,140.27
1783235102.9945483,140.27
1783235103.004592,140.27
1783235103.0145326,140.27
1783235103.0301957,140.27
1783235103.0345926,140.27
1783235103.04463,140.27
1783235103.0545902,140.28
1783235103.0645776,140.28
1783235103.0746305,140.31
1783235103.0846314,140.37
1783235103.0947,140.38
1783235103.10471,140.38
1783235103.1146455,140.39000000000001
1783235103.1246066,140.41
1783235103.134694,140.41
1783235103.1446202,140.41
1783235103.1547334,140.42000000000002
1783235103.1645687,140.42000000000002
1783235103.174579,140.42000000000002
1783235103.1847334,140.42000000000002
1783235103.1946082,140.43
1783235103.2045581,140.43
1783235103.214561,140.43
1783235103.2245562,140.43
1783235103.234557,140.43
1783235103.2445111,140.43
1783235103.2545207,140.43
1783235103.264572,140.43
1783235103.2803235,140.43
1783235103.2846673,140.43
1783235103.2946675,140.45000000000002
1783235103.304702,140.45000000000002
1783235103.3146255,140.45000000000002
1783235103.3247855,140.45000000000002
1783235103.3346605,140.45000000000002
1783235103.3445926,140.45000000000002
1783235103.3545942,140.45000000000002
1783235103.3646314,140.46
1783235103.3745792,140.46
1783235103.3847098,140.46
1783235103.394671,140.46
1783235103.4048178,140.46
1783235103.414701,140.46
1783235103.4246206,140.46
1783235103.4401956,140.46
1783235103.4501798,140.46
1783235103.454609,140.46
1783235103.4645627,140.46
1783235103.474567,140.46
1783235103.4901543,140.46
1783235103.4945695,140.46
1783235103.5046413,140.46
1783235103.514838,140.46
1783235103.5246,140.47
1783235103.5345879,140.47
1783235103.5445862,140.47
1783235103.5546255,140.47
1783235103.5645874,140.47
1783235103.5745609,140.47
1783235103.5845675,140.47
1783235103.5946147,140.47
1783235103.604554,140.47
1783235103.6146188,140.47
1783235103.6245635,140.48
1783235103.6349185,140.48
1783235103.6447084,140.48
1783235103.6548078,140.48
1783235103.6646304,140.48
1783235103.6746302,140.48
1783235103.6845849,140.48
1783235103.6946175,140.48
1783235103.704648,140.48
1783235103.7147276,140.48
1783235103.7247593,140.48
1783235103.734766,140.48
1783235103.744565,140.48
1783235103.7545505,140.48
1783235103.7646346,140.48
1783235103.7746804,140.48
1783235103.7846303,140.48
1783235103.794631,140.48
1783235103.8046114,140.48
1783235103.8145907,140.48
1783235103.8246355,140.48
1783235103.8345985,140.48
1783235103.8446054,140.48
1783235103.854596,140.48
1783235103.8646052,140.48
1783235103.874605,140.48
1783235103.884723,140.49
1783235103.894646,140.49
1783235103.9105875,140.49
1783235103.9146466,140.49
1783235103.9246292,140.49
1783235103.9347022,140.49
1783235103.9502337,140.49
1783235103.9546945,140.5
1783235103.9646766,140.5
1783235103.9746552,140.5
1783235103.9846342,140.5
1783235103.9946477,140.5
1783235104.0046132,140.5
1783235104.0146437,140.5
1783235104.0245621,140.51
1783235104.034602,140.51
1783235104.04457,140.52
1783235104.0546057,140.52
1783235104.0645955,140.54
1783235104.0745964,140.58
1783235104.0846186,140.67000000000002
1783235104.0946631,140.83
1783235104.1046023,141.09
1783235104.1145754,141.43
1783235104.124591,141.79
1783235104.134702,142.24
1783235104.1446612,142.76
1783235104.154894,143.32
1783235104.1702275,143.91
1783235104.1745942,144.54
1783235104.184651,145.20000000000002
1783235104.1948667,145.84
1783235104.2046504,146.45000000000002
1783235104.2146225,147.07
1783235104.2246983,147.73
1783235104.234604,148.42000000000002
1783235104.244689,149.13
1783235104.2546208,149.82
1783235104.2647302,150.48
1783235104.2745886,151.05
1783235104.2846036,151.62
1783235104.2946413,152.20000000000002
1783235104.3046615,152.8
1783235104.3146117,153.37
1783235104.3247514,153.91
1783235104.3346627,154.47
1783235104.344684,155.03
1783235104.354944,155.51
1783235104.3647926,156.02
1783235104.374658,156.51
1783235104.384825,156.92000000000002
1783235104.394658,157.38
1783235104.404807,157.79
1783235104.4146407,158.23
1783235104.4301047,158.66
1783235104.440253,159.07
1783235104.4446516,159.49
1783235104.4546995,159.86
1783235104.4645798,160.23
1783235104.4746046,160.57
1783235104.4845655,160.88
1783235104.4945834,161.23
1783235104.5046103,161.49
1783235104.5146787,161.8
1783235104.5247095,162.08
1783235104.5347025,162.34
1783235104.5447009,162.65
1783235104.5546837,162.89000000000001
1783235104.5647006,163.19
1783235104.574875,163.48
1783235104.5846148,163.72
1783235104.5946534,164.02
1783235104.6045356,164.33
1783235104.6146255,164.58
1783235104.6246617,164.92000000000002
1783235104.644763,165.20000000000002
1783235104.6547694,165.52
1783235104.6646457,165.86
1783235104.6746728,166.17000000000002
1783235104.6846254,166.54
1783235104.6847095,166.86
1783235104.6946778,167.26
1783235104.7046938,167.62
1783235104.7148209,168.06
1783235104.7247608,168.48
1783235104.744784,168.95000000000002
1783235104.7547982,169.43
1783235104.7647989,169.87
1783235104.7747796,170.38
1783235104.7847703,170.81
1783235104.7946978,171.27
1783235104.804623,171.68
1783235104.8146782,172.09
1783235104.8247292,172.53
1783235104.8346415,172.91
1783235104.8446276,173.38
1783235104.8546844,173.77
1783235104.864656,174.23
1783235104.8746152,174.59
1783235104.884882,174.99
1783235104.8947396,175.3
1783235104.9048197,175.68
1783235104.9146907,175.95000000000002
1783235104.9247186,176.23
1783235104.9347,176.52
1783235104.944691,176.73
1783235104.954659,176.96
1783235104.9648871,177.23
1783235104.9747605,177.4
1783235104.9847975,177.6
1783235104.9947147,177.81
1783235105.0047574,178.04
1783235105.0147388,178.22
1783235105.0246894,178.44
1783235105.034668,178.69
1783235105.0447066,178.92000000000002
1783235105.054645,179.13
1783235105.0547223,179.4
1783235105.0647037,179.68
1783235105.074642,179.92000000000002
1783235105.0846856,180.20000000000002
1783235105.0946102,180.5
1783235105.1046581,180.77
1783235105.114631,181.1
1783235105.1246433,181.38
1783235105.1348414,181.68
1783235105.1447718,182.01
1783235105.154866,182.27
1783235105.1647508,182.61
1783235105.1747162,182.89000000000001
1783235105.1847296,183.19
1783235105.1946607,183.53
1783235105.2046475,183.81
1783235105.2148247,184.17000000000002
1783235105.2247365,184.47
1783235105.2347157,184.82
1783235105.2447176,185.18
1783235105.2546399,185.48
1783235105.2647004,185.84
1783235105.2746472,186.13
1783235105.2846236,186.47
1783235105.2946422,186.76
1783235105.3046255,187.06
1783235105.3146713,187.39000000000001
1783235105.3246472,187.66
1783235105.3346434,187.99
1783235105.3447895,188.28
1783235105.3602235,188.58
1783235105.3647988,188.93
1783235105.374748,189.21
1783235105.384969,189.58
1783235105.3948247,189.88
1783235105.404759,190.20000000000002
1783235105.4146502,190.54
1783235105.4246302,190.84
1783235105.4347887,191.21
1783235105.4446125,191.49
1783235105.4545798,191.81
1783235105.4646823,192.15
1783235105.4746842,192.43
1783235105.484656,192.79
1783235105.4945927,193.1
1783235105.5048604,193.52
1783235105.5147464,193.9
1783235105.5247343,194.38
1783235105.5347693,194.82
1783235105.5447276,195.33
1783235105.5547209,195.86
1783235105.5647333,196.35
1783235105.5747566,196.88
1783235105.584744,197.42000000000002
1783235105.6002648,197.9
1783235105.607427,198.51
1783235105.620317,198.91
1783235105.6273696,199.48000000000002
1783235105.6348536,199.8
1783235105.6447763,200.18
1783235105.654783,200.46
1783235105.6647046,200.62
1783235105.6745958,200.84
1783235105.684572,201.04
1783235105.694648,201.09
1783235105.7046347,201.06
1783235105.7146227,200.96
1783235105.724633,200.93
1783235105.7347057,200.97
1783235105.744675,200.97
1783235105.754667,200.96
1783235105.764646,200.96
1783235105.7746558,200.96
1783235105.7846603,200.96
1783235105.7946708,200.96
1783235105.804647,200.96
1783235105.8146377,200.96
1783235105.8246992,200.96
1783235105.8346536,200.96
1783235105.8501816,200.96
1783235105.8572721,200.96
1783235105.864836,200.96
1783235105.874682,200.96
1783235105.8847861,200.96
1783235105.8947256,200.96
1783235105.9047618,200.96
1783235105.9145985,200.96
1783235105.9246082,200.96
1783235105.934616,200.96
1783235105.9446702,200.96
1783235105.9546337,200.96
1783235105.9646485,200.96
1783235105.974596,200.96
1783235105.9846613,200.96
1783235105.9948668,200.96
1783235106.004769,200.96
1783235106.0148063,200.96
1783235106.0246756,200.96
1783235106.0346172,200.96
1783235106.0446846,200.96
1783235106.0601873,200.96
1783235106.067349,200.96
1783235106.0746908,200.96
1783235106.0850077,200.96
1783235106.094666,200.96
1783235106.104754,200.96
1783235106.1147254,200.96
1783235106.1246188,200.96
1783235106.1349664,200.96
1783235106.1447716,200.96
1783235106.1548576,200.96
1783235106.164601,200.96
1783235106.1745324,200.96
1783235106.184689,200.96
1783235106.1945415,200.96
1783235106.2046244,200.96
1783235106.2146552,200.96
1783235106.2246249,200.96
1783235106.234649,200.96
1783235106.2446215,200.96
1783235106.2547164,200.96
1783235106.264683,200.96
1783235106.2801287,200.96
1783235106.287307,200.96
1783235106.300302,200.96
1783235106.3082607,200.96
1783235106.315232,200.96
1783235106.3246038,200.96
1783235106.3345644,200.96
1783235106.3446913,200.96
1783235106.3546407,200.96
1783235106.3646836,200.96
1783235106.3746367,200.96
1783235106.3849666,200.96
1783235106.3947072,200.96
1783235106.4048004,200.96
1783235106.4147432,200.96
1783235106.424622,200.96
1783235106.4346116,200.96
1783235106.4446716,200.96
1783235106.4546783,200.97
1783235106.4647074,200.99
1783235106.4746945,201.06
1783235106.484703,201.14000000000001
1783235106.4947248,201.16
1783235106.510179,201.17000000000002
1783235106.5183957,201.18
1783235106.5264153,201.18
1783235106.534788,201.19
1783235106.5447419,201.19
1783235106.5547566,201.19
1783235106.5647163,201.19
1783235106.5747192,201.19
1783235106.5847101,201.19
1783235106.5946848,201.20000000000002
1783235106.604683,201.20000000000002
1783235106.614711,201.21
1783235106.6246517,201.21
1783235106.6346657,201.21
1783235106.6446102,201.21
1783235106.6549022,201.21
1783235106.6646104,201.21
1783235106.6746032,201.21
1783235106.6845646,201.21
1783235106.6947513,201.21
1783235106.7046626,201.21
1783235106.7146711,201.21
1783235106.7246897,201.21
1783235106.7348108,201.21
1783235106.7447085,201.21
1783235106.7601557,201.21
1783235106.7673607,201.21
1783235106.7746875,201.21
1783235106.784735,201.21
1783235106.7947102,201.22
1783235106.8047094,201.22
1783235106.8146782,201.22
1783235106.8246818,201.22
1783235106.834697,201.22
1783235106.8446865,201.22
1783235106.8546448,201.22
1783235106.864655,201.22
1783235106.8746824,201.23000000000002
1783235106.8848581,201.23000000000002
1783235106.8947763,201.24
1783235106.9048705,201.24
1783235106.9147372,201.24
1783235106.9246507,201.24
1783235106.9346364,201.24
1783235106.9446244,201.24
1783235106.9545803,201.24
1783235106.9646494,201.24
1783235106.9801855,201.24
1783235106.9873807,201.25
1783235107.0001984,201.27
1783235107.0074923,201.29
1783235107.014753,201.31
1783235107.0247273,201.38
1783235107.034712,201.49
1783235107.0446615,201.70000000000002
1783235107.0546813,201.97
1783235107.0647688,202.25
1783235107.0746949,202.6
1783235107.0846915,202.99
1783235107.094769,203.42000000000002
1783235107.104745,203.86
1783235107.1147346,204.38
1783235107.1246445,204.88
1783235107.1348586,205.33
1783235107.1448054,205.75
1783235107.1549094,206.07
1783235107.1647224,206.45000000000002
1783235107.1746802,206.64000000000001
1783235107.1846573,206.76
1783235107.1946588,206.89000000000001
1783235107.2046607,206.97
1783235107.2146645,207.07
1783235107.2246778,207.13
1783235107.234796,207.11
1783235107.2446544,207.09
1783235107.2547147,207.09
1783235107.2646692,207.09
1783235107.2746484,207.09
1783235107.2846437,207.09
1783235107.2947807,207.09
1783235107.3047493,207.09
1783235107.3148124,207.09
1783235107.3247452,207.09
1783235107.3347712,207.09
1783235107.3447578,207.09
1783235107.3546915,207.09
1783235107.3651817,207.09
1783235107.3747907,207.09
1783235107.3848553,207.09
1783235107.3946962,207.09
1783235107.4048548,207.09
1783235107.4147918,207.09
1783235107.4247508,207.09
1783235107.4347394,207.09
1783235107.4447732,207.09
1783235107.4546645,207.09
1783235107.4701786,207.09
1783235107.4773545,207.09
1783235107.4846735,207.09
1783235107.4948747,207.09
1783235107.504791,207.09
1783235107.5147603,207.09
1783235107.5248375,207.09
1783235107.534782,207.09
1783235107.5448503,207.09
1783235107.5548077,207.09
1783235107.564885,207.09
1783235107.5747652,207.09
1783235107.5847437,207.09
1783235107.5947602,207.09
1783235107.6047556,207.09
1783235107.6147318,207.09
1783235107.624714,207.09
1783235107.6350503,207.09
1783235107.6447253,207.09
1783235107.6548588,207.09
1783235107.664815,207.09
1783235107.6746879,207.09
1783235107.6901572,207.09
1783235107.6972861,207.09
1783235107.7046742,207.09
1783235107.7148485,207.09
1783235107.724828,207.09
1783235107.7348518,207.09
1783235107.7448049,207.09
1783235107.7547824,207.09
1783235107.7648056,207.09
1783235107.774829,207.09
1783235107.7849405,207.09
1783235107.7948434,207.09
1783235107.8048356,207.09
1783235107.8147473,207.09
1783235107.8247385,207.09
1783235107.83472,207.09
1783235107.8447115,207.09
1783235107.8546782,207.09
1783235107.864689,207.09
1783235107.874712,207.09
1783235107.8853228,207.09
1783235107.8951147,207.09
1783235107.9102788,207.09
1783235107.9174817,207.09
1783235107.9247823,207.09
1783235107.940318,207.09
1783235107.947449,207.09
1783235107.954808,207.09
1783235107.9648645,207.11
1783235107.9748135,207.14000000000001
1783235107.9848597,207.18
1783235107.9948575,207.21
1783235108.0047,207.24
1783235108.014719,207.26
1783235108.0247328,207.26
1783235108.034735,207.28
1783235108.044688,207.3
1783235108.0547125,207.3
1783235108.0647867,207.31
1783235108.0746934,207.31
1783235108.0847273,207.32
1783235108.0947733,207.32
1783235108.1047184,207.32
1783235108.114959,207.33
1783235108.1248426,207.33
1783235108.1403935,207.34
1783235108.1474888,207.35
1783235108.1555958,207.36
1783235108.1702487,207.38
1783235108.1774004,207.42000000000002
1783235108.1848657,207.47
1783235108.1950128,207.58
1783235108.2048762,207.78
1783235108.2148046,208.05
1783235108.224762,208.31
1783235108.2347305,208.62
1783235108.244703,208.97
1783235108.254728,209.3
1783235108.2647347,209.69
1783235108.2747178,210.03
1783235108.2847404,210.41
1783235108.2947211,210.69
1783235108.3047376,210.97
1783235108.314763,211.23000000000002
1783235108.3247154,211.38
1783235108.3347101,211.55
1783235108.3448732,211.67000000000002
1783235108.3548052,211.72
1783235108.364838,211.76
1783235108.374857,211.82
1783235108.3849986,211.85
1783235108.3947797,211.86
1783235108.4048996,211.86
1783235108.4148133,211.87
1783235108.4247983,211.87
1783235108.4348562,211.87
1783235108.4447634,211.84
1783235108.4547188,211.78
1783235108.4647183,211.76
1783235108.4747207,211.75
1783235108.484679,211.74
1783235108.4946978,211.73000000000002
1783235108.5047061,211.73000000000002
1783235108.514834,211.72
1783235108.5247874,211.72
1783235108.534809,211.72
1783235108.5448062,211.71
1783235108.5548232,211.71
1783235108.5648768,211.70000000000002
1783235108.574818,211.70000000000002
1783235108.5848048,211.70000000000002
1783235108.5948265,211.70000000000002
1783235108.6048295,211.70000000000002
1783235108.6149764,211.70000000000002
1783235108.624822,211.70000000000002
1783235108.6351347,211.70000000000002
1783235108.6448047,211.70000000000002
1783235108.654855,211.70000000000002
1783235108.6647396,211.70000000000002
1783235108.6747735,211.70000000000002
1783235108.6847792,211.70000000000002
1783235108.6947646,211.70000000000002
1783235108.7047734,211.70000000000002
1783235108.7148006,211.70000000000002
1783235108.724781,211.70000000000002
1783235108.7347229,211.70000000000002
1783235108.7448988,211.70000000000002
1783235108.7548304,211.70000000000002
1783235108.7648528,211.70000000000002
1783235108.7748084,211.70000000000002
1783235108.7848003,211.70000000000002
1783235108.7947993,211.70000000000002
1783235108.8048055,211.70000000000002
1783235108.8148582,211.70000000000002
1783235108.8247802,211.70000000000002
1783235108.8348496,211.70000000000002
1783235108.8447778,211.70000000000002
1783235108.860202,211.69
1783235108.8673801,211.69
1783235108.8747468,211.69
1783235108.8849833,211.69
1783235108.8948214,211.69
1783235108.9048524,211.69
1783235108.914769,211.69
1783235108.924799,211.69
1783235108.9347765,211.69
1783235108.9447916,211.69
1783235108.954764,211.69
1783235108.9647336,211.69
1783235108.9748945,211.69
1783235108.9848037,211.69
1783235108.9948127,211.69
1783235109.0048263,211.69
1783235109.0150454,211.69
1783235109.0248284,211.69
1783235109.0347936,211.69
1783235109.0448315,211.69
1783235109.0549407,211.69
1783235109.064831,211.69
1783235109.0747464,211.68
1783235109.0901775,211.68
1783235109.0973659,211.68
1783235109.104718,211.68
1783235109.1148336,211.68
1783235109.1246922,211.68
1783235109.1348403,211.67000000000002
1783235109.1447756,211.67000000000002
1783235109.1548738,211.67000000000002
1783235109.1647377,211.67000000000002
1783235109.1748912,211.67000000000002
1783235109.184778,211.66
1783235109.1947598,211.66
1783235109.2047486,211.65
1783235109.214728,211.65
1783235109.2247968,211.65
1783235109.2347646,211.65
1783235109.2450194,211.65
1783235109.2548468,211.64000000000001
1783235109.2650545,211.62
1783235109.280045,211.62
1783235109.2872112,211.56
1783235109.2946076,211.44
1783235109.310043,211.20000000000002
1783235109.317358,210.72
1783235109.3247168,210.41
1783235109.3347855,209.87
1783235109.3501906,209.31
1783235109.3573258,208.53
1783235109.3647983,208.04
1783235109.3747473,207.35
1783235109.384831,206.61
1783235109.394756,205.85
1783235109.4048045,205.09
1783235109.4147708,204.32
1783235109.4247086,203.55
1783235109.434718,202.77
1783235109.444732,201.98000000000002
1783235109.4547055,201.15
1783235109.464849,200.29
1783235109.4748325,199.42000000000002
1783235109.4848945,198.55
1783235109.4947555,197.66
1783235109.5047712,196.76
1783235109.5147598,195.84
1783235109.524796,194.87
1783235109.5347652,193.9
1783235109.5501816,192.97
1783235109.5574114,191.78
1783235109.564725,191.06
1783235109.5747433,190.03
1783235109.5847516,189.06
1783235109.5947661,188.15
1783235109.6048036,187.19
1783235109.6147432,186.18
1783235109.624737,185.20000000000002
1783235109.63482,184.26
1783235109.6448414,183.3
1783235109.6549065,182.3
1783235109.664777,181.34
1783235109.6747856,180.36
1783235109.684881,179.33
1783235109.6947684,178.31
1783235109.7047415,177.34
1783235109.7148354,176.36
1783235109.7248566,175.32
1783235109.7347486,174.29
1783235109.7447894,173.28
1783235109.7549543,172.19
1783235109.7701614,171.16
1783235109.7773678,169.71
1783235109.7901473,168.89000000000001
1783235109.7972562,167.49
1783235109.8047972,166.66
1783235109.8147192,165.6
1783235109.824728,164.43
1783235109.8347225,163.39000000000001
1783235109.8447788,162.28
1783235109.8547378,161.25
1783235109.8647857,160.21
1783235109.8747737,159.18
1783235109.884865,158.29
1783235109.8947916,157.61
1783235109.9049544,156.86
1783235109.9147856,156.18
1783235109.9248087,155.57
1783235109.934738,155.09
1783235109.944728,154.63
1783235109.954727,154.3
1783235109.9647632,153.98
1783235109.974743,153.78
1783235109.9847336,153.64000000000001
1783235109.9947255,153.51
1783235110.004757,153.49
1783235110.0203276,153.56
1783235110.0274007,153.59
1783235110.0403001,153.56
1783235110.047417,153.56
1783235110.0548918,153.56
1783235110.0649016,153.55
1783235110.0748448,153.55
1783235110.0848336,153.55
1783235110.0948293,153.55
1783235110.1049016,153.55
1783235110.1148393,153.55
1783235110.1248128,153.55
1783235110.13487,153.55
1783235110.1448202,153.55
1783235110.1549056,153.55
1783235110.164826,153.55
1783235110.175149,153.55
1783235110.1848626,153.55
1783235110.1947854,153.55
1783235110.2047982,153.55
1783235110.2247827,153.55
1783235110.224882,153.55
1783235110.2401717,153.55
1783235110.2447436,153.55
1783235110.2547967,153.55
1783235110.2647662,153.55
1783235110.2746975,153.55
1783235110.2848141,153.55
1783235110.294765,153.55
1783235110.3047743,153.55
1783235110.3149068,153.55
1783235110.324835,153.55
1783235110.3349924,153.55
1783235110.3449168,153.55
1783235110.3549013,153.55
1783235110.3648016,153.55
1783235110.3749137,153.53
1783235110.3851595,153.51
1783235110.3951087,153.47
1783235110.4050696,153.46
1783235110.4149163,153.46
1783235110.4248934,153.46
1783235110.4348247,153.43
1783235110.4448404,153.4
1783235110.4548676,153.4
1783235110.46487,153.4
1783235110.474874,153.38
1783235110.4847474,153.37
1783235110.500271,153.36
1783235110.5073822,153.36
1783235110.514865,153.36
1783235110.5249054,153.36
1783235110.5348976,153.36
1783235110.544838,153.35
1783235110.554995,153.35
1783235110.5648682,153.34
1783235110.5748634,153.34
1783235110.5848706,153.34
1783235110.5949013,153.34
1783235110.6048725,153.33
1783235110.6148767,153.33
1783235110.6248994,153.32
1783235110.6351,153.32
1783235110.6449397,153.32
1783235110.6550481,153.32
1783235110.66494,153.32
1783235110.6748185,153.32
1783235110.684788,153.31
1783235110.6948552,153.3
1783235110.7101812,153.28
1783235110.7173467,153.17000000000002
1783235110.7301707,153.03
1783235110.7374291,152.71
1783235110.7448683,152.39000000000001
1783235110.7548947,151.98
1783235110.7648475,151.42000000000002
1783235110.7749133,150.81
1783235110.7847762,150.11
1783235110.7947793,149.31
1783235110.8048124,148.45000000000002
1783235110.814739,147.58
1783235110.8247836,146.66
1783235110.834811,145.66
1783235110.8447456,144.56
1783235110.8548121,143.48
1783235110.8647296,142.29
1783235110.8747382,141.16
1783235110.8848739,139.89000000000001
1783235110.8947973,138.57
1783235110.9048839,137.31
1783235110.9148195,136.0
1783235110.9248207,134.69
1783235110.9402301,133.37
1783235110.9474454,131.69
1783235110.9601574,130.7
1783235110.9673579,129.0
1783235110.9748387,127.99000000000001
1783235110.9848416,126.66
1783235110.9947906,125.34
1783235111.0049284,124.06
1783235111.0150433,122.79
1783235111.0248542,121.5
1783235111.0348225,120.26
1783235111.0447943,119.0
1783235111.0547428,117.72
1783235111.0647726,116.52
1783235111.0747428,115.35000000000001
1783235111.0847502,114.16
1783235111.0947719,112.99000000000001
1783235111.1047418,111.84
1783235111.1147585,110.73
1783235111.1247778,109.63
1783235111.1348577,108.53
1783235111.144826,107.46000000000001
1783235111.1548598,106.43
1783235111.170188,105.47
1783235111.177567,104.27
1783235111.1853793,103.53
1783235111.1947346,102.66
1783235111.204739,101.81
1783235111.2150548,100.98
1783235111.2250102,100.17
1783235111.234936,99.38
1783235111.244891,98.59
1783235111.254916,97.81
1783235111.2648644,97.06
1783235111.27488,96.35000000000001
1783235111.284939,95.65
1783235111.2948658,94.96000000000001
1783235111.304855,94.27
1783235111.314871,93.63
1783235111.3249586,92.98
1783235111.3348713,92.33
1783235111.3448212,91.71000000000001
1783235111.3547843,91.11
1783235111.3647585,90.51
1783235111.3747969,89.93
1783235111.3849802,89.35000000000001
1783235111.3949313,88.74
1783235111.4048452,88.14
1783235111.4301567,87.53
1783235111.430302,86.92
1783235111.4402385,86.34
1783235111.4449122,85.79
1783235111.4549708,85.22
1783235111.4649463,84.65
1783235111.4748778,84.07000000000001
1783235111.4849305,83.5
1783235111.494915,82.93
1783235111.5048895,82.36
1783235111.5148804,81.78
1783235111.5249608,81.21000000000001
1783235111.534881,80.65
1783235111.5449288,80.08
1783235111.554906,79.51
1783235111.5649474,78.93
1783235111.574941,78.34
1783235111.5848715,77.73
1783235111.5949087,77.10000000000001
1783235111.604877,76.48
1783235111.6149468,75.88
1783235111.624943,75.25
1783235111.6350315,74.62
1783235111.6449478,73.95
1783235111.6550472,73.3
1783235111.664896,72.60000000000001
1783235111.6749454,71.87
1783235111.6848128,71.14
1783235111.694967,70.43
1783235111.7049325,69.69
1783235111.714972,68.91
1783235111.724975,68.12
1783235111.734919,67.29
1783235111.7449052,66.45
1783235111.7548857,65.61
1783235111.764886,64.75
1783235111.7748969,63.89
1783235111.784881,62.980000000000004
1783235111.794902,62.050000000000004
1783235111.8049114,61.120000000000005
1783235111.8149562,60.21
1783235111.8249326,59.27
1783235111.8403368,58.300000000000004
1783235111.847485,57.09
1783235111.8549345,56.33
1783235111.8649838,55.36
1783235111.8747885,54.38
1783235111.8848906,53.410000000000004
1783235111.894908,52.45
1783235111.9049914,51.46
1783235111.9148517,50.47
1783235111.924904,49.51
1783235111.9347715,48.57
1783235111.9448342,47.61
1783235111.9548476,46.62
1783235111.9648283,45.63
1783235111.9748104,44.72
1783235111.9847932,43.82
1783235111.9947686,42.89
1783235112.004794,41.95
1783235112.0147989,41.02
1783235112.0248275,40.13
1783235112.034798,39.28
1783235112.0453408,38.43
1783235112.054764,37.59
1783235112.0648198,36.75
1783235112.0747633,35.89
1783235112.0848153,35.06
1783235112.0947838,34.28
1783235112.104781,33.52
1783235112.1202438,32.77
1783235112.1273851,31.85
1783235112.1354578,31.3
1783235112.1448936,30.63
1783235112.154972,29.95
1783235112.1647089,29.27
1783235112.1747139,28.61
1783235112.1847105,27.95
1783235112.1946633,27.310000000000002
1783235112.2046452,26.7
1783235112.2146745,26.09
1783235112.2246544,25.45
1783235112.234856,24.82
1783235112.24488,24.23
1783235112.2547553,23.67
1783235112.2647943,23.11
1783235112.2747064,22.52
1783235112.2847507,21.95
1783235112.2947197,21.42
1783235112.3046796,20.87
1783235112.3147218,20.3
1783235112.324701,19.79
1783235112.3347178,19.3
1783235112.350017,18.76
1783235112.3630412,18.13
1783235112.3701653,17.54
1783235112.3775327,17.18
1783235112.385056,16.85
1783235112.3947487,16.37
1783235112.4048464,15.91
1783235112.4147394,15.49
1783235112.4247394,15.1
1783235112.4347417,14.74
1783235112.4447193,14.44
1783235112.4548025,14.15
1783235112.4648917,13.91
1783235112.4747915,13.66
1783235112.4847782,13.47
1783235112.4947557,13.3
1783235112.5046582,13.200000000000001
1783235112.514764,13.11
1783235112.5246913,13.01
1783235112.5346587,12.9
1783235112.5447066,12.88
1783235112.5547218,12.92
1783235112.5700536,12.92
1783235112.5771532,12.91
1783235112.5847585,12.91
1783235112.5946572,12.91
1783235112.6047497,12.91
1783235112.6147435,12.91
1783235112.6247602,12.91
1783235112.6347642,12.91
1783235112.6448283,12.91
1783235112.6549604,12.91
1783235112.6648607,12.91
1783235112.6747935,12.91
1783235112.6847808,12.91
1783235112.6946912,12.91
1783235112.7047179,12.91
1783235112.7147334,12.91
1783235112.724702,12.91
1783235112.7347374,12.91
1783235112.7447188,12.91
1783235112.754667,12.91
1783235112.7646747,12.91
1783235112.7747045,12.91
1783235112.7846975,12.91
1783235112.794674,12.91
1783235112.8047132,12.91
1783235112.8202407,12.91
1783235112.8272095,12.9
1783235112.8348024,12.9
1783235112.8448186,12.9
1783235112.8548656,12.9
1783235112.864858,12.9
1783235112.8747826,12.89
1783235112.884963,12.89
1783235112.89484,12.89
1783235112.905215,12.89
1783235112.9148576,12.89
1783235112.9248636,12.89
1783235112.934809,12.89
1783235112.9448082,12.89
1783235112.9548283,12.88
1783235112.9648771,12.88
1783235112.9748752,12.88
1783235112.984875,12.88
1783235112.9948928,12.88
1783235113.0048997,12.88
1783235113.0148683,12.870000000000001
1783235113.0248187,12.870000000000001
1783235113.0348246,12.870000000000001
1783235113.0448325,12.870000000000001
1783235113.054808,12.870000000000001
1783235113.0648174,12.86
1783235113.0748248,12.86
1783235113.0847857,12.85
1783235113.0948236,12.83
1783235113.1048212,12.77
1783235113.1151164,12.6
1783235113.1250784,12.36
1783235113.1351132,11.98
1783235113.1449842,11.57
1783235113.1550362,11.02
1783235113.1648548,10.44
1783235113.1749742,9.8
1783235113.185016,9.11
1783235113.194967,8.36
1783235113.2050095,7.53
1783235113.2149355,6.63
1783235113.2250004,5.67
1783235113.234992,4.68
1783235113.2449982,3.71
1783235113.2549458,2.67
1783235113.2650568,1.6300000000000001
1783235113.2749867,0.62
1783235113.2903464,-0.5
1783235113.2973673,-1.79
1783235113.3054037,-2.68
1783235113.3149784,-3.75
1783235113.3249211,-4.83
1783235113.3348403,-6.0200000000000005
1783235113.3448582,-7.07
1783235113.3548098,-8.18
1783235113.3648193,-9.23
1783235113.3748436,-10.31
1783235113.3848557,-11.39
1783235113.39484,-12.36
1783235113.4050388,-13.39
1783235113.4148715,-14.38
1783235113.424831,-15.35
1783235113.4347935,-16.3
1783235113.4448466,-17.23
1783235113.4548318,-18.150000000000002
1783235113.465013,-19.02
1783235113.4749053,-19.84
1783235113.4849794,-20.67
1783235113.494953,-21.43
1783235113.5049055,-22.150000000000002
1783235113.5149548,-22.84
1783235113.524973,-23.46
1783235113.5350635,-24.04
1783235113.544989,-24.55
1783235113.5549905,-25.080000000000002
1783235113.5649388,-25.45
1783235113.5749757,-25.77
1783235113.5849469,-26.080000000000002
1783235113.5949728,-26.39
1783235113.6049643,-26.59
1783235113.614946,-26.72
1783235113.6249824,-26.84
1783235113.635121,-26.91
1783235113.6449692,-26.88
1783235113.6550705,-26.86
1783235113.6649733,-26.86
1783235113.674978,-26.87
1783235113.6849058,-26.87
1783235113.694978,-26.87
1783235113.7049575,-26.87
1783235113.7148883,-26.87
1783235113.7248929,-26.88
1783235113.7349358,-26.88
1783235113.7449946,-26.88
1783235113.7550538,-26.900000000000002
1783235113.765019,-26.96
1783235113.7750375,-26.990000000000002
1783235113.784978,-26.990000000000002
1783235113.795033,-26.990000000000002
1783235113.804981,-26.990000000000002
1783235113.8149974,-26.900000000000002
1783235113.824972,-26.94
1783235113.8351052,-26.95
1783235113.8450408,-26.900000000000002
1783235113.8549726,-26.900000000000002
1783235113.8649063,-26.89
1783235113.874956,-26.89
1783235113.8850715,-26.91
1783235113.8950331,-26.990000000000002
1783235113.9050348,-26.990000000000002
1783235113.9149954,-27.0
1783235113.9249206,-27.0
1783235113.9349058,-27.0
1783235113.9449673,-26.96
1783235113.9548814,-26.88
1783235113.9651,-26.86
1783235113.9750001,-26.87
1783235113.9902506,-26.87
1783235113.997441,-26.87
1783235114.0049565,-26.87
1783235114.0149984,-26.87
1783235114.0249825,-26.87
1783235114.034958,-26.87
1783235114.044929,-26.87
1783235114.0549212,-26.87
1783235114.064982,-26.87
1783235114.0749838,-26.98
1783235114.0849411,-27.01
1783235114.0949574,-27.01
1783235114.1049154,-27.0
1783235114.1149366,-27.01
1783235114.1249025,-27.01
1783235114.1350465,-27.01
1783235114.144969,-27.01
1783235114.1551037,-27.01
1783235114.1749914,-27.01
1783235114.1751099,-27.02
1783235114.1848536,-27.02
1783235114.1948543,-27.02
1783235114.2048256,-27.02
1783235114.220172,-27.02
1783235114.2272518,-27.02
1783235114.2348566,-27.02
1783235114.2449093,-27.02
1783235114.2548683,-27.02
1783235114.2648225,-27.02
1783235114.2747912,-27.02
1783235114.2848122,-27.02
1783235114.2948143,-27.02
1783235114.3049011,-27.02
1783235114.314947,-27.02
1783235114.3249362,-27.02
1783235114.3349485,-27.02
1783235114.344919,-27.02
1783235114.3549836,-27.02
1783235114.3649566,-27.02
1783235114.3749695,-27.02
1783235114.385068,-27.02
1783235114.395083,-26.94
1783235114.4050782,-26.830000000000002
1783235114.414964,-26.830000000000002
1783235114.424931,-26.830000000000002
1783235114.4349573,-26.830000000000002
1783235114.445014,-26.830000000000002
1783235114.4550676,-26.830000000000002
1783235114.4651654,-26.830000000000002
1783235114.4749136,-26.830000000000002
1783235114.4849331,-26.830000000000002
1783235114.4948626,-26.830000000000002
1783235114.504865,-26.830000000000002
1783235114.5149941,-26.830000000000002
1783235114.525105,-26.830000000000002
1783235114.5349653,-26.830000000000002
1783235114.544829,-26.830000000000002
1783235114.5548398,-26.830000000000002
1783235114.5648217,-26.830000000000002
1783235114.5748405,-26.830000000000002
1783235114.5848892,-26.830000000000002
1783235114.5948164,-26.830000000000002
1783235114.6047623,-26.830000000000002
1783235114.6147907,-26.830000000000002
1783235114.6247683,-26.830000000000002
1783235114.6348293,-26.830000000000002
1783235114.6447864,-26.830000000000002
1783235114.6548119,-26.830000000000002
1783235114.6648617,-26.830000000000002
1783235114.6747513,-26.830000000000002
1783235114.6902878,-26.830000000000002
1783235114.6972482,-26.830000000000002
1783235114.7048519,-26.830000000000002
1783235114.7150543,-26.830000000000002
1783235114.725041,-26.830000000000002
1783235114.7349434,-26.830000000000002
1783235114.7450328,-26.830000000000002
1783235114.754964,-26.830000000000002
1783235114.7649415,-26.830000000000002
1783235114.7749317,-26.830000000000002
1783235114.7849536,-26.830000000000002
1783235114.7951677,-26.830000000000002
1783235114.8048506,-26.830000000000002
1783235114.8147469,-26.830000000000002
1783235114.8247726,-26.830000000000002
1783235114.8347552,-26.830000000000002
1783235114.8447182,-26.830000000000002
1783235114.8547873,-26.830000000000002
1783235114.8647475,-26.830000000000002
1783235114.8747625,-26.830000000000002
1783235114.8849547,-26.830000000000002
1783235114.8949366,-26.830000000000002
1783235114.9102285,-26.830000000000002
1783235114.917321,-26.830000000000002
1783235114.9301662,-26.830000000000002
1783235114.937287,-26.830000000000002
1783235114.9447865,-26.830000000000002
1783235114.954953,-26.830000000000002
1783235114.9649036,-26.830000000000002
1783235114.974933,-26.830000000000002
1783235114.985033,-26.830000000000002
1783235114.9949982,-26.830000000000002
1783235115.0048597,-26.830000000000002
1783235115.0153546,-26.830000000000002
1783235115.025068,-26.830000000000002
1783235115.0350027,-26.830000000000002
1783235115.0449882,-26.830000000000002
1783235115.0549088,-26.830000000000002
1783235115.0648918,-26.830000000000002
1783235115.0750124,-26.830000000000002
1783235115.0849905,-26.830000000000002
1783235115.0950212,-26.830000000000002
1783235115.1050677,-26.830000000000002
1783235115.114975,-26.830000000000002
1783235115.1249979,-26.830000000000002
1783235115.1351702,-26.830000000000002
1783235115.1450703,-26.830000000000002
1783235115.1551309,-26.830000000000002
1783235115.164993,-26.830000000000002
1783235115.1750007,-26.830000000000002
1783235115.1850252,-26.830000000000002
1783235115.1949878,-26.830000000000002
1783235115.2050507,-26.830000000000002
1783235115.2150123,-26.830000000000002
1783235115.2249763,-26.830000000000002
1783235115.235023,-26.830000000000002
1783235115.244971,-26.830000000000002
1783235115.254896,-26.830000000000002
1783235115.2648857,-26.830000000000002
1783235115.2748997,-26.830000000000002
1783235115.2849202,-26.830000000000002
1783235115.294893,-26.830000000000002
1783235115.3049135,-26.830000000000002
1783235115.3150377,-26.830000000000002
1783235115.3250468,-26.830000000000002
1783235115.3349817,-26.830000000000002
1783235115.3449888,-26.830000000000002
1783235115.3550167,-26.830000000000002
1783235115.3649929,-26.830000000000002
1783235115.3750293,-26.830000000000002
1783235115.3850937,-26.830000000000002
1783235115.395053,-26.830000000000002
1783235115.4050639,-26.830000000000002
1783235115.4150014,-26.830000000000002
1783235115.4250627,-26.830000000000002
1783235115.4351072,-26.830000000000002
1783235115.4449766,-26.830000000000002
1783235115.4550052,-26.830000000000002
1783235115.464948,-26.830000000000002
1783235115.4749918,-26.830000000000002
1783235115.4850593,-26.830000000000002
1783235115.494988,-26.830000000000002
1783235115.5049772,-26.830000000000002
1783235115.515015,-26.830000000000002
1783235115.525103,-26.830000000000002
1783235115.5350459,-26.830000000000002
1783235115.5450146,-26.830000000000002
1783235115.5550025,-26.830000000000002
1783235115.5650222,-26.830000000000002
1783235115.575013,-26.830000000000002
1783235115.5849965,-26.830000000000002
1783235115.595015,-26.830000000000002
1783235115.605014,-26.830000000000002
1783235115.620311,-26.830000000000002
1783235115.6273942,-26.830000000000002
1783235115.6351101,-26.830000000000002
1783235115.645211,-26.830000000000002
1783235115.6550176,-26.830000000000002
1783235115.665084,-26.830000000000002
1783235115.6751802,-26.830000000000002
1783235115.6850274,-26.830000000000002
1783235115.6950028,-26.830000000000002
1783235115.705061,-26.830000000000002
1783235115.7150455,-26.830000000000002
1783235115.724992,-26.830000000000002
1783235115.7349842,-26.830000000000002
1783235115.7450929,-26.830000000000002
1783235115.7549977,-26.830000000000002
1783235115.7650442,-26.830000000000002
1783235115.7750723,-26.830000000000002
1783235115.7850287,-26.830000000000002
1783235115.7950053,-26.830000000000002
1783235115.8050015,-26.830000000000002
1783235115.8150167,-26.830000000000002
1783235115.8250556,-26.830000000000002
1783235115.8349884,-26.830000000000002
1783235115.850322,-26.830000000000002
1783235115.8574164,-26.830000000000002
1783235115.8650067,-26.830000000000002
1783235115.8750744,-26.830000000000002
1783235115.8852034,-26.830000000000002
1783235115.8954568,-26.830000000000002
1783235115.9051795,-26.830000000000002
1783235115.9150956,-26.830000000000002
1783235115.925041,-26.830000000000002
1783235115.935089,-26.830000000000002
1783235115.945079,-26.830000000000002
1783235115.9551046,-26.830000000000002
1783235115.965191,-26.830000000000002
1783235115.9748693,-26.830000000000002
1783235115.9848511,-26.830000000000002
1783235115.9950643,-26.830000000000002
1783235116.0048695,-26.830000000000002
1783235116.0149865,-26.830000000000002
1783235116.0248702,-26.830000000000002
1783235116.0350018,-26.830000000000002
1783235116.0450435,-26.830000000000002
1783235116.0549855,-26.830000000000002
1783235116.0701718,-26.830000000000002
1783235116.083136,-26.85
1783235116.0902233,-26.85
1783235116.0973582,-26.85
1783235116.1051173,-26.85
1783235116.1149347,-26.85
1783235116.1250367,-26.84
1783235116.1351366,-26.84
1783235116.1449437,-26.84
1783235116.155043,-26.84
1783235116.1649625,-26.84
1783235116.1749296,-26.84
1783235116.1849487,-26.84
1783235116.1949153,-26.84
1783235116.2049372,-26.84
1783235116.2149353,-26.84
1783235116.225087,-26.84
1783235116.2347937,-26.84
1783235116.2447596,-26.84
1783235116.2548022,-26.84
1783235116.2648816,-26.84
1783235116.274847,-26.84
1783235116.2848697,-26.84
1783235116.294864,-26.84
1783235116.3102577,-26.84
1783235116.3173926,-26.84
1783235116.324793,-26.84
1783235116.3349905,-26.84
1783235116.3451097,-26.84
1783235116.3548267,-26.84
1783235116.364801,-26.84
1783235116.3747697,-26.84
1783235116.385023,-26.84
1783235116.3949332,-26.84
1783235116.4051716,-26.84
1783235116.4149523,-26.84
1783235116.4249022,-26.84
1783235116.4349399,-26.84
1783235116.444944,-26.84
1783235116.4548585,-26.84
1783235116.464892,-26.84
1783235116.4749153,-26.84
1783235116.484946,-26.84
1783235116.494879,-26.84
1783235116.5049012,-26.84
1783235116.520147,-26.84
1783235116.527234,-26.84
1783235116.5347707,-26.84
1783235116.5448282,-26.84
1783235116.554809,-26.84
1783235116.5647874,-26.84
1783235116.5748434,-26.84
1783235116.5848458,-26.84
1783235116.5948155,-26.84
1783235116.604815,-26.84
1783235116.614854,-26.84
1783235116.6248097,-26.84
1783235116.6349413,-26.84
1783235116.644854,-26.85
1783235116.6549325,-26.87
1783235116.664814,-26.900000000000002
1783235116.6748028,-26.92
1783235116.6848516,-26.93
1783235116.6948178,-26.97
1783235116.7047935,-26.990000000000002
1783235116.715053,-26.990000000000002
1783235116.7248895,-27.0
1783235116.7348876,-27.0
1783235116.7450173,-27.0
1783235116.7548633,-27.0
1783235116.770134,-27.01
1783235116.7772663,-27.01
1783235116.7848828,-27.01
1783235116.794938,-27.01
1783235116.8049974,-27.01
1783235116.8148892,-27.01
1783235116.8248837,-27.01
1783235116.834904,-27.01
1783235116.8448892,-27.01
1783235116.8549066,-27.01
1783235116.8648992,-27.01
1783235116.8748703,-27.01
1783235116.8850265,-27.01
1783235116.8949308,-27.01
1783235116.9049857,-27.01
1783235116.9153473,-27.01
1783235116.9250343,-27.01
1783235116.9350238,-27.01
1783235116.9450314,-27.01
1783235116.9550543,-27.01
1783235116.9648218,-27.01
1783235116.9747932,-27.01
1783235116.984904,-27.01
1783235116.99494,-27.01
1783235117.0049496,-27.01
1783235117.0201445,-27.01
1783235117.027402,-27.01
1783235117.0350382,-27.01
1783235117.0449991,-27.01
1783235117.0550625,-27.01
1783235117.0650196,-27.01
1783235117.074973,-27.01
1783235117.0850158,-27.01
1783235117.0950162,-27.01
1783235117.1050344,-27.01
1783235117.1154284,-27.01
1783235117.125234,-27.01
1783235117.1349747,-26.990000000000002
1783235117.144803,-26.97
1783235117.1548688,-26.95
1783235117.1647928,-26.95
1783235117.1748445,-26.95
1783235117.1847956,-26.94
1783235117.1948102,-26.93
1783235117.2050593,-26.87
1783235117.2149982,-26.86
1783235117.2249157,-26.84
1783235117.2401369,-26.84
1783235117.247364,-26.84
1783235117.2601373,-26.84
1783235117.2674336,-26.84
1783235117.2750099,-26.84
1783235117.2851005,-26.84
1783235117.2950704,-26.84
1783235117.3050623,-26.84
1783235117.3152578,-26.84
1783235117.3251631,-26.84
1783235117.3351283,-26.84
1783235117.345124,-26.84
1783235117.3549342,-26.84
1783235117.3649416,-26.84
1783235117.3749495,-26.84
1783235117.3850405,-26.84
1783235117.394867,-26.84
1783235117.4049704,-26.84
1783235117.4148827,-26.84
1783235117.4248695,-26.87
1783235117.4348536,-26.92
1783235117.4448266,-27.0
1783235117.4548233,-27.01
1783235117.464945,-27.02
1783235117.4749298,-27.02
1783235117.4849553,-27.02
1783235117.5001733,-27.02
1783235117.5072513,-27.02
1783235117.5149987,-27.01
1783235117.5251143,-26.95
1783235117.5349402,-26.88
1783235117.5449948,-26.84
1783235117.554916,-26.84
1783235117.5649881,-26.84
1783235117.5749958,-26.84
1783235117.5849876,-26.84
1783235117.59493,-26.84
1783235117.6049516,-26.84
1783235117.6149275,-26.85
1783235117.6249602,-26.85
1783235117.6351516,-26.85
1783235117.6449802,-26.85
1783235117.6550345,-26.85
1783235117.6649394,-26.85
1783235117.6749165,-26.85
1783235117.684953,-26.85
1783235117.6950407,-26.85
1783235117.7049515,-26.85
1783235117.7249486,-26.85
1783235117.734862,-26.85
1783235117.7451558,-26.85
1783235117.7453327,-26.85
1783235117.7549965,-26.85
1783235117.7649546,-26.85
1783235117.7749436,-26.85
1783235117.7849612,-26.85
1783235117.7949374,-26.85
1783235117.805005,-26.85
1783235117.8149388,-26.85
1783235117.8249743,-26.85
1783235117.834941,-26.85
1783235117.8449018,-26.85
1783235117.854918,-26.85
1783235117.8651154,-26.85
1783235117.8750305,-26.85
1783235117.8851404,-26.85
1783235117.8951402,-26.85
1783235117.905128,-26.85
1783235117.9150875,-26.85
1783235117.9252782,-26.85
1783235117.9350576,-26.85
1783235117.9450936,-26.85
1783235117.955245,-26.86
1783235117.9650657,-26.86
1783235117.9750605,-26.86
1783235117.9851785,-26.86
1783235117.9951503,-26.86
1783235118.0050325,-26.86
1783235118.0149062,-26.86
1783235118.0249548,-26.86
1783235118.0350213,-26.86
1783235118.0449457,-26.86
1783235118.0549858,-26.86
1783235118.064938,-26.85
1783235118.0749338,-26.85
1783235118.085047,-26.85
1783235118.095061,-26.85
1783235118.1050482,-26.85
1783235118.1150339,-26.85
1783235118.1250331,-26.85
1783235118.1403387,-26.85
1783235118.1473007,-26.85
1783235118.155043,-26.86
1783235118.164963,-26.86
1783235118.180141,-26.86
1783235118.187244,-26.86
1783235118.1949427,-26.86
1783235118.2049627,-26.86
1783235118.215006,-26.86
1783235118.2250636,-26.86
1783235118.2350173,-26.86
1783235118.2449296,-26.86
1783235118.2549596,-26.86
1783235118.2649496,-26.86
1783235118.2749527,-26.86
1783235118.2850437,-26.86
1783235118.2950573,-26.86
1783235118.3050337,-26.86
1783235118.3150911,-26.86
1783235118.3250694,-26.86
1783235118.3402925,-26.87
1783235118.3474264,-26.89
1783235118.355073,-26.900000000000002
1783235118.3649838,-26.91
1783235118.3749714,-26.93
1783235118.3902607,-26.96
1783235118.3972852,-26.98
1783235118.4102943,-26.990000000000002
1783235118.4173057,-27.0
1783235118.4252372,-27.0
1783235118.434972,-27.01
1783235118.4449534,-27.01
1783235118.4550147,-27.01
1783235118.4650447,-27.01
1783235118.47498,-27.01
1783235118.4850028,-27.01
1783235118.495066,-27.01
1783235118.505088,-27.01
1783235118.515092,-27.01
1783235118.5250416,-27.01
1783235118.535213,-27.01
1783235118.5451355,-27.01
1783235118.555055,-27.01
1783235118.5649567,-27.01
1783235118.57492,-27.01
1783235118.5849874,-27.01
1783235118.5949154,-27.01
1783235118.6049418,-27.01
1783235118.6149921,-27.01
1783235118.6249814,-27.01
1783235118.6351798,-27.01
1783235118.6450782,-27.01
1783235118.6551113,-27.01
1783235118.6650028,-27.01
1783235118.6750178,-27.01
1783235118.684963,-27.01
1783235118.6949415,-27.01
1783235118.7050278,-27.02
1783235118.7149763,-27.02
1783235118.724994,-27.02
1783235118.734942,-27.02
1783235118.7449102,-27.02
1783235118.7549546,-27.02
1783235118.764919,-27.02
1783235118.7749555,-27.02
1783235118.7849574,-27.02
1783235118.7949774,-27.02
1783235118.8049395,-27.02
1783235118.8149633,-27.02
1783235118.8250213,-27.02
1783235118.834957,-27.03
1783235118.8449492,-27.03
1783235118.8549678,-27.03
1783235118.8650115,-27.03
1783235118.8750236,-27.03
1783235118.8851979,-27.03
1783235118.8949819,-27.03
1783235118.9051185,-27.03
1783235118.9149938,-27.03
1783235118.925055,-27.03
1783235118.9349902,-27.03
1783235118.9449708,-27.03
1783235118.954937,-27.03
1783235118.9649932,-27.04
1783235118.9749005,-27.04
1783235118.9849808,-27.04
1783235118.9950492,-27.04
1783235119.0049405,-27.05
1783235119.0149615,-27.05
1783235119.024999,-27.05
1783235119.0349102,-27.05
1783235119.0449407,-27.05
1783235119.0549092,-27.05
1783235119.0649633,-27.07
1783235119.0749452,-27.07
1783235119.084969,-27.07
1783235119.1001225,-27.080000000000002
1783235119.1071808,-27.080000000000002
1783235119.1149743,-27.080000000000002
1783235119.1250138,-27.080000000000002
1783235119.1350849,-27.09
1783235119.1449764,-27.09
1783235119.155107,-27.09
1783235119.1649086,-27.09
1783235119.1749027,-27.1
1783235119.1848757,-27.1
1783235119.1949189,-27.11
1783235119.2050996,-27.11
1783235119.2148662,-27.12
1783235119.2249868,-27.14
1783235119.235038,-27.240000000000002
1783235119.2450967,-27.46
1783235119.255017,-27.740000000000002
1783235119.2649071,-28.19
1783235119.274943,-28.69
1783235119.2849715,-29.25
1783235119.2949762,-29.93
1783235119.3049319,-30.7
1783235119.3149903,-31.5
1783235119.3249576,-32.32
1783235119.3401399,-33.18
1783235119.3472764,-34.29
1783235119.3549552,-35.0
1783235119.3650315,-35.92
1783235119.375006,-36.85
1783235119.385125,-37.83
1783235119.3949015,-38.84
1783235119.4049544,-39.81
1783235119.4149356,-40.86
1783235119.4249644,-41.94
1783235119.4349957,-42.9
1783235119.444881,-43.89
1783235119.454877,-44.88
1783235119.4648561,-45.83
1783235119.4748406,-46.74
1783235119.4848568,-47.62
1783235119.4948246,-48.47
1783235119.5048332,-49.31
1783235119.5148807,-50.120000000000005
1783235119.5248861,-50.92
1783235119.5348678,-51.71
1783235119.550033,-52.45
1783235119.557165,-53.35
1783235119.570081,-53.88
1783235119.5772107,-54.76
1783235119.5848548,-55.25
1783235119.5949583,-55.94
1783235119.6049566,-56.64
1783235119.6149445,-57.34
1783235119.6248975,-58.02
1783235119.6350935,-58.69
1783235119.6449115,-59.34
1783235119.654954,-60.0
1783235119.6649592,-60.660000000000004
1783235119.674891,-61.31
1783235119.6848922,-61.97
1783235119.6949067,-62.63
1783235119.7048671,-63.26
1783235119.7149053,-63.89
1783235119.7249062,-64.51
1783235119.7349288,-65.14
1783235119.744888,-65.8
1783235119.7548633,-66.48
1783235119.7649252,-67.15
1783235119.7748854,-67.8
1783235119.7900465,-68.43
1783235119.7971804,-69.22
1783235119.8048832,-69.69
1783235119.8148623,-70.32000000000001
1783235119.824843,-70.97
1783235119.8350286,-71.64
1783235119.8449395,-72.3
1783235119.8549786,-72.92
1783235119.8649302,-73.54
1783235119.8748672,-74.17
1783235119.884982,-74.81
1783235119.894973,-75.44
1783235119.9049976,-76.07000000000001
1783235119.9149337,-76.7
1783235119.9249988,-77.34
1783235119.9349372,-77.98
1783235119.9448736,-78.61
1783235119.9548821,-79.24
1783235119.964876,-79.85000000000001
1783235119.974909,-80.47
1783235119.984866,-81.10000000000001
1783235119.9949017,-81.75
1783235120.0048878,-82.4
1783235120.014903,-83.05
1783235120.0250106,-83.69
1783235120.0350523,-84.33
1783235120.044887,-84.99
1783235120.0548403,-85.65
1783235120.0650077,-86.31
1783235120.0748894,-86.98
1783235120.0849187,-87.63
1783235120.0949323,-88.27
1783235120.1048846,-88.9
1783235120.1149514,-89.51
1783235120.1249413,-90.13
1783235120.1350775,-90.73
1783235120.1448727,-91.33
1783235120.1550817,-91.95
1783235120.1650627,-92.55
1783235120.174909,-93.15
1783235120.1850007,-93.72
1783235120.1949189,-94.27
1783235120.2049172,-94.83
1783235120.214985,-95.39
1783235120.2249079,-95.93
1783235120.235006,-96.48
1783235120.2449458,-97.02
1783235120.2549334,-97.55
1783235120.2649717,-98.07000000000001
1783235120.2749496,-98.58
1783235120.2849715,-99.07000000000001
1783235120.294939,-99.56
1783235120.3048904,-100.05
1783235120.314951,-100.5
1783235120.3249176,-100.95
1783235120.3350074,-101.41
1783235120.3448896,-101.85000000000001
1783235120.3549407,-102.29
1783235120.3649523,-102.7
1783235120.374872,-103.10000000000001
1783235120.3850675,-103.46000000000001
1783235120.3950126,-103.81
1783235120.405007,-104.13
1783235120.4149382,-104.44
1783235120.4249907,-104.73
1783235120.4350414,-105.04
1783235120.444938,-105.35000000000001
1783235120.4548974,-105.62
1783235120.4649134,-105.91
1783235120.4748864,-106.19
1783235120.484937,-106.46000000000001
1783235120.500062,-106.72
1783235120.5072196,-107.04
1783235120.5201101,-107.25
1783235120.5272205,-107.58
1783235120.5349321,-107.77
1783235120.5449936,-108.04
1783235120.5549667,-108.3
1783235120.5651522,-108.55
1783235120.5750265,-108.81
1783235120.5850215,-109.04
1783235120.5949752,-109.27
1783235120.605008,-109.47
1783235120.6150103,-109.67
1783235120.6249974,-109.84
1783235120.6402652,-110.0
1783235120.6471753,-110.11
1783235120.654987,-110.15
1783235120.6649375,-110.25
1783235120.6748998,-110.3
1783235120.6849012,-110.26
1783235120.694965,-110.23
1783235120.7048523,-110.23
1783235120.7149053,-110.23
1783235120.7248924,-110.23
1783235120.734926,-110.23
1783235120.7500687,-110.22
1783235120.7572124,-110.22
1783235120.7649517,-110.21000000000001
1783235120.7749,-110.21000000000001
1783235120.7851677,-110.21000000000001
1783235120.7950826,-110.21000000000001
1783235120.8050542,-110.2
1783235120.8149862,-110.2
1783235120.8249912,-110.19
1783235120.8350856,-110.19
1783235120.844896,-110.19
1783235120.8549857,-110.18
1783235120.864943,-110.18
1783235120.874894,-110.18
1783235120.8850443,-110.18
1783235120.894928,-110.18
1783235120.9050658,-110.18
1783235120.9150817,-110.18
1783235120.9249065,-110.18
1783235120.934936,-110.18
1783235120.9450028,-110.18
1783235120.9600947,-110.18
1783235120.9672737,-110.18
1783235120.9748633,-110.18
1783235120.984869,-110.18
1783235120.9949088,-110.18
1783235121.004986,-110.18
1783235121.0150042,-110.18
1783235121.025052,-110.18
1783235121.0349944,-110.18
1783235121.044933,-110.18
1783235121.0550466,-110.18
1783235121.064951,-110.19
1783235121.074921,-110.22
1783235121.0848935,-110.23
1783235121.0948737,-110.24000000000001
1783235121.1049244,-110.24000000000001
1783235121.1149468,-110.24000000000001
1783235121.1249382,-110.25
1783235121.1350105,-110.25
1783235121.1449528,-110.26
1783235121.155046,-110.26
1783235121.1649373,-110.28
1783235121.1748905,-110.28
1783235121.1849527,-110.29
1783235121.1950283,-110.3
1783235121.204907,-110.31
1783235121.21497,-110.32000000000001
1783235121.2250266,-110.32000000000001
1783235121.2350223,-110.33
1783235121.24492,-110.35000000000001
1783235121.254996,-110.39
1783235121.2650754,-110.48
1783235121.2750454,-110.67
1783235121.2849665,-110.93
1783235121.294919,-111.27
1783235121.3049293,-111.67
1783235121.314939,-112.14
1783235121.3249452,-112.66
1783235121.3349068,-113.24000000000001
1783235121.3449638,-113.87
1783235121.3549945,-114.51
1783235121.3649106,-115.18
1783235121.3749158,-115.89
1783235121.3849967,-116.63
1783235121.3949423,-117.37
1783235121.4050045,-118.13
1783235121.415007,-118.9
1783235121.42503,-119.64
1783235121.4349298,-120.37
1783235121.4450533,-121.09
1783235121.454931,-121.81
1783235121.4649835,-122.54
1783235121.4749525,-123.27
1783235121.4848769,-123.97
1783235121.4948947,-124.66
1783235121.5049489,-125.34
1783235121.5148816,-126.02
1783235121.5249143,-126.69
1783235121.534973,-127.34
1783235121.5448778,-128.0
1783235121.5548697,-128.68
1783235121.5649452,-129.35
1783235121.5749128,-129.99
1783235121.5848992,-130.61
1783235121.594914,-131.21
1783235121.6048973,-131.79
1783235121.6149058,-132.43
1783235121.6249664,-133.05
1783235121.6349413,-133.65
1783235121.6451805,-134.22
1783235121.6550274,-134.8
1783235121.6649814,-135.35
1783235121.674963,-135.9
1783235121.6850617,-136.43
1783235121.6949265,-136.98
1783235121.7050161,-137.51
1783235121.7149537,-138.04
1783235121.7249389,-138.6
1783235121.7349324,-139.14000000000001
1783235121.7449365,-139.64000000000001
1783235121.7549376,-140.17000000000002
1783235121.7649205,-140.65
1783235121.7748847,-141.13
1783235121.7849119,-141.65
1783235121.7949169,-142.12
1783235121.8049483,-142.6
1783235121.8148997,-143.1
1783235121.8249326,-143.57
1783235121.8348951,-144.07
1783235121.8448982,-144.57
1783235121.8549008,-145.01
1783235121.864896,-145.51
1783235121.874927,-145.98
1783235121.8851793,-146.45000000000002
1783235121.8949385,-146.97
1783235121.9051805,-147.44
1783235121.9149613,-147.94
1783235121.925101,-148.46
1783235121.9349804,-148.96
1783235121.9449944,-149.51
1783235121.9549475,-150.04
1783235121.9649477,-150.53
1783235121.975017,-151.04
1783235121.984948,-151.59
1783235121.9949129,-152.09
1783235122.0048802,-152.6
1783235122.0149362,-153.14000000000001
1783235122.0249329,-153.63
1783235122.0349596,-154.14000000000001
1783235122.0449524,-154.67000000000002
1783235122.0549302,-155.14000000000001
1783235122.064952,-155.62
1783235122.0748825,-156.12
1783235122.0849264,-156.56
1783235122.0949433,-157.05
1783235122.1049986,-157.52
1783235122.1150587,-157.97
1783235122.1250045,-158.49
1783235122.13509,-158.95000000000002
1783235122.1450877,-159.45000000000002
1783235122.1551101,-159.96
1783235122.1649733,-160.41
1783235122.1750157,-160.94
1783235122.185042,-161.47
1783235122.1949623,-161.98
1783235122.2049074,-162.54
1783235122.2150142,-163.16
1783235122.224996,-163.78
1783235122.235099,-164.42000000000002
1783235122.2450004,-165.06
1783235122.2549357,-165.71
1783235122.264967,-166.39000000000001
1783235122.2749584,-167.06
1783235122.2850335,-167.74
1783235122.295215,-168.39000000000001
1783235122.3049662,-169.03
1783235122.315124,-169.65
1783235122.3249807,-170.25
1783235122.3350155,-170.82
1783235122.35016,-171.27
1783235122.3572373,-171.8
1783235122.3650503,-172.09
1783235122.3749442,-172.36
1783235122.3850315,-172.6
1783235122.3951423,-172.83
1783235122.4051661,-172.98
1783235122.4150355,-173.07
1783235122.4250355,-173.04
1783235122.4349725,-172.98
1783235122.444992,-173.0
1783235122.455069,-173.02
1783235122.464994,-173.03
1783235122.4749951,-173.03
1783235122.4850333,-173.03
1783235122.494957,-173.03
1783235122.5050097,-173.03
1783235122.5150688,-173.03
1783235122.5250475,-173.03
1783235122.5349932,-173.03
1783235122.5449634,-173.03
1783235122.5549834,-173.03
1783235122.5651023,-173.03
1783235122.5751734,-173.03
1783235122.5851972,-173.03
1783235122.5950289,-173.03
1783235122.6050408,-173.03
1783235122.6150396,-173.03
1783235122.625108,-173.03
1783235122.6354508,-173.03
1783235122.6450503,-173.03
1783235122.655175,-173.03
1783235122.6650782,-173.03
1783235122.6750655,-173.03
1783235122.6849527,-173.03
1783235122.6950386,-173.03
1783235122.7050383,-173.03
1783235122.7150605,-173.03
1783235122.725007,-173.03
1783235122.7351003,-173.03
1783235122.744966,-173.03
1783235122.7550743,-173.03
1783235122.7651112,-173.03
1783235122.7750697,-173.03
1783235122.7850902,-173.03
1783235122.7950947,-173.03
1783235122.8050773,-173.03
1783235122.820174,-173.05
1783235122.827276,-173.12
1783235122.8400688,-173.15
1783235122.8471723,-173.17000000000002
1783235122.8549469,-173.17000000000002
1783235122.8650215,-173.18
1783235122.875052,-173.19
1783235122.8849723,-173.19
1783235122.8949683,-173.19
1783235122.9050362,-173.19
1783235122.9149601,-173.21
1783235122.924963,-173.21
1783235122.9349077,-173.22
1783235122.9449866,-173.22
1783235122.9550142,-173.22
1783235122.9649687,-173.23
1783235122.974914,-173.23
1783235122.9850187,-173.23
1783235122.99501,-173.23
1783235123.0049293,-173.24
1783235123.0149772,-173.24
1783235123.0249243,-173.24
1783235123.0349784,-173.25
1783235123.044933,-173.25
1783235123.0549371,-173.25
1783235123.065127,-173.25
1783235123.0749993,-173.26
1783235123.0851476,-173.26
1783235123.095014,-173.28
1783235123.1051242,-173.34
1783235123.1150732,-173.51
1783235123.1250744,-173.9
1783235123.135102,-174.34
1783235123.145159,-174.94
1783235123.1550574,-175.67000000000002
1783235123.1649828,-176.47
1783235123.1750298,-177.35
1783235123.1850421,-178.35
1783235123.1949885,-179.43
1783235123.204997,-180.54
1783235123.2150185,-181.75
1783235123.2249956,-182.88
1783235123.2350502,-184.13
1783235123.2450597,-185.42000000000002
1783235123.254941,-186.67000000000002
1783235123.2701514,-187.99
1783235123.2771957,-189.59
1783235123.285109,-190.64000000000001
1783235123.2950637,-191.93
1783235123.3101387,-193.21
1783235123.3173144,-194.70000000000002
1783235123.325077,-195.63
1783235123.3351107,-196.78
1783235123.3451145,-197.89000000000001
1783235123.3551383,-198.97
1783235123.3650525,-200.06
1783235123.3749976,-201.05
1783235123.3850405,-201.98000000000002
1783235123.3950243,-202.88
1783235123.4050205,-203.74
1783235123.414996,-204.56
1783235123.4250414,-205.34
1783235123.4349797,-206.09
1783235123.4450457,-206.81
1783235123.4549816,-207.5
1783235123.4650218,-208.14000000000001
1783235123.4749722,-208.78
1783235123.4850059,-209.42000000000002
1783235123.4950829,-210.08
1783235123.5051003,-210.73000000000002
1783235123.5150452,-211.32
1783235123.5301266,-211.88
1783235123.543163,-212.55
1783235123.5503173,-213.27
1783235123.557293,-213.66
1783235123.5652828,-214.04
1783235123.5750926,-214.6
1783235123.584954,-215.1
1783235123.5949707,-215.59
1783235123.6050954,-216.13
1783235123.6150923,-216.6
1783235123.624994,-217.07
1783235123.6351404,-217.56
1783235123.6450205,-217.97
1783235123.6551309,-218.46
1783235123.6649919,-218.88
1783235123.6752026,-219.33
1783235123.6850958,-219.77
1783235123.695072,-220.18
1783235123.7051136,-220.64000000000001
1783235123.7150981,-221.05
1783235123.7251048,-221.52
1783235123.7350883,-221.89000000000001
1783235123.7450597,-222.31
1783235123.7550602,-222.65
1783235123.7650945,-223.05
1783235123.7750807,-223.36
1783235123.7851663,-223.73000000000002
1783235123.7950904,-224.03
1783235123.805053,-224.36
1783235123.8151774,-224.66
1783235123.8250647,-224.94
1783235123.8350909,-225.26
1783235123.845086,-225.53
1783235123.8551154,-225.81
1783235123.8650553,-226.1
1783235123.8750238,-226.34
1783235123.8852065,-226.61
1783235123.8951402,-226.88
1783235123.905195,-227.1
1783235123.9151473,-227.34
1783235123.9251163,-227.59
1783235123.935115,-227.81
1783235123.9450793,-228.02
1783235123.9551215,-228.27
1783235123.965079,-228.51
1783235123.9750524,-228.70000000000002
1783235123.9851828,-228.96
1783235123.995082,-229.18
1783235124.0051558,-229.39000000000001
1783235124.0151105,-229.61
1783235124.0251036,-229.87
1783235124.0353293,-230.1
1783235124.045095,-230.34
1783235124.0550897,-230.65
1783235124.0651202,-230.93
1783235124.0750737,-231.25
1783235124.0851238,-231.59
1783235124.0950856,-231.91
1783235124.1051204,-232.28
1783235124.1151402,-232.6
1783235124.1250072,-232.97
1783235124.135195,-233.3
1783235124.145126,-233.68
1783235124.1550741,-234.01
1783235124.1650836,-234.39000000000001
1783235124.1751401,-234.74
1783235124.185133,-235.15
1783235124.1951134,-235.53
1783235124.2052631,-235.96
1783235124.215165,-236.36
1783235124.2302125,-236.82
1783235124.2372885,-237.33
1783235124.2502155,-237.67000000000002
1783235124.2573254,-238.22
1783235124.2651978,-238.54
1783235124.2751472,-239.0
1783235124.2851763,-239.4
1783235124.2952666,-239.88
1783235124.3051937,-240.29
1783235124.3151097,-240.74
1783235124.3250542,-241.19
1783235124.3350098,-241.62
1783235124.345044,-242.05
1783235124.3550303,-242.44
1783235124.365103,-242.85
1783235124.375141,-243.20000000000002
1783235124.385296,-243.6
1783235124.3951147,-243.94
1783235124.4053593,-244.33
1783235124.4151103,-244.64000000000001
1783235124.4252412,-245.01
1783235124.4351454,-245.34
1783235124.4450943,-245.67000000000002
1783235124.455078,-246.02
1783235124.4651172,-246.32
1783235124.475075,-246.66
1783235124.485175,-246.96
1783235124.4950829,-247.28
1783235124.50507,-247.57
1783235124.5151248,-247.85
1783235124.5250142,-248.14000000000001
1783235124.5350966,-248.41
1783235124.5451362,-248.67000000000002
1783235124.555011,-248.95000000000002
1783235124.5651298,-249.20000000000002
1783235124.5751033,-249.45000000000002
1783235124.5850868,-249.73000000000002
1783235124.5950992,-249.97
1783235124.6051059,-250.23000000000002
1783235124.6151037,-250.51000000000002
1783235124.6250136,-250.75
1783235124.6350172,-251.01000000000002
1783235124.6453025,-251.29
1783235124.655143,-251.53
1783235124.6650515,-251.81
1783235124.6751282,-252.08
1783235124.690148,-252.34
1783235124.6972816,-252.69
1783235124.705088,-252.89000000000001
1783235124.715109,-253.15
1783235124.7251112,-253.46
1783235124.7351692,-253.73000000000002
1783235124.7451031,-254.0
1783235124.755035,-254.32
1783235124.7651384,-254.6
1783235124.7750916,-254.91
1783235124.7850657,-255.20000000000002
1783235124.7950795,-255.48000000000002
1783235124.8051393,-255.8
1783235124.8151681,-256.09000000000003
1783235124.8251302,-256.41
1783235124.8352356,-256.72
1783235124.8451307,-257.03000000000003
1783235124.855132,-257.38
1783235124.8650904,-257.69
1783235124.8750951,-258.05
1783235124.8851793,-258.38
1783235124.895142,-258.74
1783235124.9053807,-259.1
1783235124.9201674,-259.46
1783235124.927279,-259.91
1783235124.9351304,-260.19
1783235124.9453404,-260.57
1783235124.9552076,-260.95
1783235124.9651935,-261.35
1783235124.975205,-261.73
1783235124.9851863,-262.13
1783235124.995232,-262.51
1783235125.0052385,-262.9
1783235125.0152075,-263.26
1783235125.0251963,-263.64
1783235125.0352376,-264.01
1783235125.045177,-264.39
1783235125.0551527,-264.74
1783235125.0651245,-265.12
1783235125.0751038,-265.46
1783235125.0851476,-265.82
1783235125.095135,-266.17
1783235125.1050806,-266.54
1783235125.115095,-266.88
1783235125.1251066,-267.25
1783235125.1402583,-267.6
1783235125.1473334,-268.04
1783235125.1554348,-268.32
1783235125.1651053,-268.66
1783235125.175191,-269.01
1783235125.1851046,-269.35
1783235125.1951137,-269.7
1783235125.205171,-270.04
1783235125.2151353,-270.39
1783235125.2250865,-270.71
1783235125.2351673,-271.05
1783235125.2451687,-271.37
1783235125.2551868,-271.71
1783235125.2651594,-272.02
1783235125.2750208,-272.33
1783235125.2851143,-272.63
1783235125.295118,-272.93
1783235125.305102,-273.22
1783235125.3151243,-273.52
1783235125.3250625,-273.8
1783235125.3351161,-274.08
1783235125.3451169,-274.37
1783235125.3551311,-274.65000000000003
1783235125.3651025,-274.95
1783235125.3751104,-275.26
1783235125.385258,-275.57
1783235125.3951392,-275.89
1783235125.4053073,-276.21
1783235125.4151406,-276.56
1783235125.4250846,-276.89
1783235125.4351857,-277.21
1783235125.4451373,-277.52
1783235125.4551523,-277.82
1783235125.465072,-278.11
1783235125.475078,-278.36
1783235125.4850733,-278.59000000000003
1783235125.4950454,-278.85
1783235125.505056,-279.06
1783235125.5150685,-279.28000000000003
1783235125.5250807,-279.49
1783235125.535072,-279.7
1783235125.545169,-279.89
1783235125.555204,-280.07
1783235125.565106,-280.22
1783235125.5750096,-280.40000000000003
1783235125.585029,-280.53000000000003
1783235125.5950973,-280.7
1783235125.6101594,-280.85
1783235125.6173484,-281.06
1783235125.6301563,-281.2
1783235125.6373396,-281.41
1783235125.6451683,-281.54
1783235125.6551917,-281.72
1783235125.6651914,-281.89
1783235125.6751904,-282.02
1783235125.6851332,-282.16
1783235125.695058,-282.28000000000003
1783235125.7050285,-282.29
1783235125.715074,-282.29
1783235125.7250693,-282.29
1783235125.7350554,-282.27
1783235125.745038,-282.23
1783235125.7550182,-282.22
1783235125.7650294,-282.22
1783235125.7750537,-282.22
1783235125.785052,-282.22
1783235125.7951355,-282.22
1783235125.8051274,-282.22
1783235125.8151202,-282.22
1783235125.8251712,-282.22
1783235125.8351574,-282.22
1783235125.8501937,-282.22
1783235125.8573067,-282.22
1783235125.8702567,-282.22
1783235125.8772597,-282.22
1783235125.8851364,-282.22
1783235125.8953867,-282.22
1783235125.9053457,-282.22
1783235125.9151256,-282.22
1783235125.9251862,-282.22
1783235125.9351277,-282.22
1783235125.9451573,-282.22
1783235125.9551263,-282.22
1783235125.9651608,-282.22
1783235125.9752016,-282.22
1783235125.985183,-282.22
1783235125.9951293,-282.22
1783235126.005146,-282.22
1783235126.0150797,-282.22
1783235126.0250995,-282.22
1783235126.0351336,-282.22
1783235126.0451276,-282.22
1783235126.0551152,-282.22
1783235126.065116,-282.23
1783235126.0751061,-282.23
1783235126.085086,-282.23
1783235126.1001477,-282.23
1783235126.1072576,-282.24
1783235126.1154406,-282.24
1783235126.1253698,-282.24
1783235126.135283,-282.24
1783235126.1451373,-282.24
1783235126.1552413,-282.24
1783235126.1651573,-282.24
1783235126.175103,-282.24
1783235126.1851099,-282.25
1783235126.1951604,-282.25
1783235126.2052083,-282.26
1783235126.215192,-282.26
1783235126.2251325,-282.26
1783235126.2351635,-282.26
1783235126.2451022,-282.26
1783235126.2551131,-282.26
1783235126.26512,-282.27
1783235126.2751215,-282.28000000000003
1783235126.28509,-282.29
1783235126.2951167,-282.3
1783235126.3051915,-282.37
1783235126.32522,-282.57
1783235126.3253233,-282.84000000000003
1783235126.3351238,-283.18
1783235126.3451447,-283.6
1783235126.3551283,-284.05
1783235126.365157,-284.55
1783235126.3752356,-285.12
1783235126.3852005,-285.72
1783235126.3952067,-286.35
1783235126.405262,-286.97
1783235126.415263,-287.63
1783235126.4252994,-288.3
1783235126.4351614,-288.94
1783235126.4451928,-289.54
1783235126.4551423,-290.14
1783235126.4652128,-290.74
1783235126.475151,-291.33
1783235126.4851644,-291.92
1783235126.4951844,-292.51
1783235126.5051394,-293.06
1783235126.515177,-293.6
1783235126.5251527,-294.12
1783235126.5352561,-294.61
1783235126.5452027,-295.08
1783235126.5601678,-295.55
1783235126.5672667,-296.09000000000003
1783235126.5752547,-296.45
1783235126.5851684,-296.88
1783235126.6002324,-297.32
1783235126.6073978,-297.84000000000003
1783235126.615514,-298.17
1783235126.6254346,-298.61
1783235126.63538,-299.02
1783235126.6453369,-299.46
1783235126.655364,-299.87
1783235126.6653285,-300.31
1783235126.675305,-300.74
1783235126.6852791,-301.17
1783235126.6953146,-301.6
1783235126.7053037,-302.03000000000003
1783235126.7153313,-302.5
1783235126.7252843,-302.95
1783235126.7353585,-303.46
1783235126.745205,-303.94
1783235126.7552228,-304.41
1783235126.7652462,-304.91
1783235126.7751608,-305.37
1783235126.7852025,-305.86
1783235126.79529,-306.36
1783235126.8101318,-306.84000000000003
1783235126.823281,-307.44
1783235126.830429,-308.07
1783235126.8374481,-308.38
1783235126.8452404,-308.76
1783235126.8553305,-309.19
1783235126.8652718,-309.64
1783235126.8752568,-310.06
1783235126.8853583,-310.49
1783235126.895369,-310.93
1783235126.9053433,-311.36
1783235126.9153419,-311.82
1783235126.925294,-312.26
1783235126.935267,-312.75
1783235126.9453983,-313.23
1783235126.9553344,-313.73
1783235126.9653046,-314.26
1783235126.975354,-314.74
1783235126.9853837,-315.24
1783235126.9952986,-315.74
1783235127.0053332,-316.23
1783235127.0153353,-316.75
1783235127.0303216,-317.27
1783235127.0385544,-317.96
1783235127.0454583,-318.32
1783235127.0552995,-318.84000000000003
1783235127.065282,-319.33
1783235127.075306,-319.84000000000003
1783235127.0853207,-320.32
1783235127.0952737,-320.76
1783235127.1053205,-321.23
1783235127.115296,-321.64
1783235127.125245,-322.07
1783235127.1353831,-322.47
1783235127.145347,-322.87
1783235127.1553688,-323.26
1783235127.1655672,-323.65000000000003
1783235127.1753302,-324.01
1783235127.1852791,-324.40000000000003
1783235127.1952827,-324.74
1783235127.2052834,-325.11
1783235127.215336,-325.41
1783235127.2253394,-325.75
1783235127.2353842,-326.06
1783235127.2453215,-326.37
1783235127.2552671,-326.71
1783235127.265341,-327.0
1783235127.2752573,-327.37
1783235127.285284,-327.69
1783235127.2952456,-328.07
1783235127.3053331,-328.40000000000003
1783235127.3153632,-328.78000000000003
1783235127.325322,-329.14
1783235127.3352997,-329.51
1783235127.3452966,-329.87
1783235127.3553393,-330.23
1783235127.3653786,-330.59000000000003
1783235127.3753898,-330.91
1783235127.3854494,-331.28000000000003
1783235127.3953001,-331.58
1783235127.4053342,-331.96
1783235127.4152937,-332.27
1783235127.425261,-332.62
1783235127.435286,-332.95
1783235127.4453456,-333.29
1783235127.4552796,-333.65000000000003
1783235127.4652858,-333.97
1783235127.475327,-334.33
1783235127.490292,-334.63
1783235127.4974413,-335.05
1783235127.5053692,-335.29
1783235127.5152874,-335.59000000000003
1783235127.525329,-335.90000000000003
1783235127.5353024,-336.14
1783235127.5452573,-336.40000000000003
1783235127.5553608,-336.62
1783235127.5654204,-336.76
1783235127.575288,-336.88
1783235127.585314,-336.99
1783235127.5952861,-337.06
1783235127.6055713,-337.02
1783235127.6152732,-337.0
1783235127.6252909,-336.93
1783235127.6353233,-336.84000000000003
1783235127.6452682,-336.82
1783235127.6553907,-336.82
1783235127.6652734,-336.82
1783235127.6752732,-336.81
1783235127.6852875,-336.81
1783235127.6952605,-336.8
1783235127.705346,-336.8
1783235127.7152452,-336.8
1783235127.725279,-336.8
1783235127.735315,-336.8
1783235127.7455328,-336.8
1783235127.7554405,-336.8
1783235127.7653298,-336.8
1783235127.7754872,-336.8
1783235127.785393,-336.8
1783235127.7953358,-336.8
1783235127.8053212,-336.8
1783235127.8157072,-336.8
1783235127.8253624,-336.8
1783235127.8353043,-336.8
1783235127.8453097,-336.8
1783235127.855346,-336.8
1783235127.8652554,-336.8
1783235127.875293,-336.8
1783235127.8854795,-336.8
1783235127.895342,-336.8
1783235127.9053993,-336.8
1783235127.915329,-336.8
1783235127.9252837,-336.8
1783235127.935271,-336.8
1783235127.9453127,-336.8
1783235127.9553485,-336.8
1783235127.9652898,-336.8
1783235127.9753366,-336.8
1783235127.9852874,-336.8
1783235127.995295,-336.8
1783235128.0053003,-336.8
1783235128.0156868,-336.8
1783235128.02538,-336.8
1783235128.0354092,-336.8
1783235128.0454,-336.8
1783235128.055326,-336.8
1783235128.0653274,-336.8
1783235128.0753877,-336.8
1783235128.0853493,-336.8
1783235128.0953627,-336.8
1783235128.105338,-336.8
1783235128.1153176,-336.8
1783235128.1254022,-336.8
1783235128.1354241,-336.8
1783235128.145376,-336.8
1783235128.1554904,-336.8
1783235128.165374,-336.8
1783235128.1753592,-336.8
1783235128.1853676,-336.8
1783235128.195337,-336.8
1783235128.205362,-336.8
1783235128.2153761,-336.8
1783235128.2253506,-336.8
1783235128.2354789,-336.8
1783235128.2454069,-336.8
1783235128.2553716,-336.8
1783235128.2653556,-336.8
1783235128.275383,-336.8
1783235128.2854044,-336.8
1783235128.295405,-336.8
1783235128.305346,-336.8
1783235128.3153033,-336.8
1783235128.3253944,-336.8
1783235128.3354084,-336.8
1783235128.3453176,-336.8
1783235128.355356,-336.8
1783235128.3653316,-336.8
1783235128.375314,-336.8
1783235128.3854551,-336.8
1783235128.3953629,-336.8
1783235128.411551,-336.8
1783235128.4153419,-336.81
1783235128.425441,-336.81
1783235128.435459,-336.81
1783235128.4453862,-336.81
1783235128.4553454,-336.81
1783235128.465402,-336.81
1783235128.4753547,-336.81
1783235128.4853544,-336.81
1783235128.4954076,-336.81
1783235128.5053575,-336.81
1783235128.5153363,-336.81
1783235128.525384,-336.81
1783235128.5353847,-336.81
1783235128.5453722,-336.81
1783235128.5553377,-336.81
1783235128.5653608,-336.81
1783235128.575358,-336.81
1783235128.5853689,-336.81
1783235128.5953355,-336.81
1783235128.6053426,-336.81
1783235128.6153271,-336.81
1783235128.6253395,-336.81
1783235128.645513,-336.81
1783235128.6456907,-336.81
1783235128.655621,-336.81
1783235128.665464,-336.81
1783235128.6753938,-336.81
1783235128.6853707,-336.81
1783235128.695328,-336.81
1783235128.7053976,-336.81
1783235128.7154286,-336.81
1783235128.725363,-336.81
1783235128.73536,-336.81
1783235128.745428,-336.81
1783235128.7553341,-336.81
1783235128.7653356,-336.81
1783235128.7753458,-336.81
1783235128.7853625,-336.81
1783235128.7953224,-336.81
1783235128.8053658,-336.81
1783235128.8153937,-336.81
1783235128.8253527,-336.81
1783235128.8354018,-336.81
1783235128.8454115,-336.81
1783235128.8553977,-336.81
1783235128.8653977,-336.81
1783235128.8753622,-336.81
1783235128.885528,-336.81
1783235128.895542,-336.81
1783235128.905531,-336.82
1783235128.9153867,-336.82
1783235128.9253786,-336.82
1783235128.9354637,-336.82
1783235128.9454188,-336.82
1783235128.9553273,-336.82
1783235128.9654021,-336.82
1783235128.9754007,-336.82
1783235128.9854727,-336.82
1783235128.995384,-336.82
1783235129.0053875,-336.82
1783235129.0154133,-336.82
1783235129.025356,-336.82
1783235129.0353453,-336.82
1783235129.0453796,-336.82
1783235129.0553765,-336.82
1783235129.0655267,-336.82
1783235129.0753543,-336.83
1783235129.0853581,-336.83
1783235129.0952902,-336.83
1783235129.1112874,-336.83
1783235129.1184742,-336.83
1783235129.1254108,-336.83
1783235129.1354873,-336.83
1783235129.145381,-336.83
1783235129.1554782,-336.83
1783235129.1653886,-336.83
1783235129.1753464,-336.83
1783235129.1853437,-336.83
1783235129.1953278,-336.83
1783235129.2053456,-336.83
1783235129.2153149,-336.83
1783235129.225397,-336.84000000000003
1783235129.2353506,-336.84000000000003
1783235129.2454295,-336.84000000000003
1783235129.2553353,-336.84000000000003
1783235129.2654438,-336.84000000000003
1783235129.2754784,-336.84000000000003
1783235129.285443,-336.84000000000003
1783235129.2953227,-336.84000000000003
1783235129.3053136,-336.84000000000003
1783235129.315343,-336.84000000000003
1783235129.3253636,-336.84000000000003
1783235129.3353574,-336.84000000000003
1783235129.3453832,-336.84000000000003
1783235129.355355,-336.84000000000003
1783235129.3653557,-336.84000000000003
1783235129.375397,-336.84000000000003
1783235129.3855102,-336.84000000000003
1783235129.3954406,-336.84000000000003
1783235129.405494,-336.84000000000003
1783235129.415332,-336.84000000000003
1783235129.4254384,-336.84000000000003
1783235129.435433,-336.84000000000003
1783235129.4453957,-336.84000000000003
1783235129.4553607,-336.84000000000003
1783235129.4653602,-336.84000000000003
1783235129.4753394,-336.84000000000003
1783235129.4855163,-336.83
1783235129.4953732,-336.83
1783235129.5053287,-336.83
1783235129.5153277,-336.83
1783235129.5253289,-336.83
1783235129.535406,-336.83
1783235129.5453124,-336.83
1783235129.5553606,-336.83
1783235129.5712562,-336.83
1783235129.578555,-336.83
1783235129.5855267,-336.83
1783235129.5953858,-336.83
1783235129.6053867,-336.83
1783235129.6153672,-336.83
1783235129.6253648,-336.83
1783235129.6355095,-336.83
1783235129.6454713,-336.83
1783235129.6555254,-336.83
1783235129.6653688,-336.83
1783235129.67536,-336.84000000000003
1783235129.6854835,-336.84000000000003
1783235129.695397,-336.84000000000003
1783235129.7053838,-336.84000000000003
1783235129.715407,-336.84000000000003
1783235129.725394,-336.84000000000003
1783235129.7354448,-336.84000000000003
1783235129.7454014,-336.84000000000003
1783235129.755376,-336.84000000000003
1783235129.7654512,-336.84000000000003
1783235129.7753818,-336.84000000000003
1783235129.7853062,-336.84000000000003
1783235129.7953255,-336.84000000000003
1783235129.8053324,-336.84000000000003
1783235129.815375,-336.84000000000003
1783235129.8312888,-336.84000000000003
1783235129.838367,-336.84000000000003
1783235129.8453696,-336.84000000000003
1783235129.8553088,-336.84000000000003
1783235129.8653386,-336.84000000000003
1783235129.8753674,-336.84000000000003
1783235129.8855646,-336.84000000000003
1783235129.8954215,-336.84000000000003
1783235129.9056094,-336.84000000000003
1783235129.9154115,-336.84000000000003
1783235129.9254367,-336.84000000000003
1783235129.9353974,-336.84000000000003
1783235129.9453573,-336.84000000000003
1783235129.9553466,-336.84000000000003
1783235129.965439,-336.84000000000003
1783235129.9753335,-336.84000000000003
1783235129.9853692,-336.84000000000003
1783235129.9954333,-336.84000000000003
1783235130.0053275,-336.84000000000003
1783235130.0154173,-336.84000000000003
1783235130.025363,-336.84000000000003
1783235130.0412788,-336.84000000000003
1783235130.048442,-336.84000000000003
1783235130.0555377,-336.84000000000003
1783235130.0653524,-336.84000000000003
1783235130.0754263,-336.84000000000003
1783235130.08537,-336.84000000000003
1783235130.0954573,-336.84000000000003
1783235130.1055636,-336.84000000000003
1783235130.1153643,-336.84000000000003
1783235130.1253285,-336.84000000000003
1783235130.1355164,-336.84000000000003
1783235130.145389,-336.84000000000003
1783235130.1555288,-336.84000000000003
1783235130.1654136,-336.84000000000003
1783235130.1754537,-336.84000000000003
1783235130.1854088,-336.84000000000003
1783235130.1954305,-336.84000000000003
1783235130.2053926,-336.84000000000003
1783235130.215376,-336.84000000000003
1783235130.2253804,-336.84000000000003
1783235130.235352,-336.84000000000003
1783235130.2453606,-336.84000000000003
1783235130.255389,-336.84000000000003
1783235130.2653344,-336.84000000000003
1783235130.2753325,-336.84000000000003
1783235130.2912629,-336.84000000000003
1783235130.298419,-336.84000000000003
1783235130.3053594,-336.84000000000003
1783235130.3154905,-336.84000000000003
1783235130.325557,-336.84000000000003
1783235130.3354313,-336.84000000000003
1783235130.3454597,-336.84000000000003
1783235130.3554451,-336.84000000000003
1783235130.3654568,-336.84000000000003
1783235130.3754015,-336.84000000000003
1783235130.3855062,-336.84000000000003
1783235130.395407,-336.84000000000003
1783235130.4054732,-336.84000000000003
1783235130.4154167,-336.84000000000003
1783235130.4253926,-336.84000000000003
1783235130.4354644,-336.84000000000003
1783235130.4453478,-336.84000000000003
1783235130.4554157,-336.84000000000003
1783235130.4653769,-336.84000000000003
1783235130.4754372,-336.84000000000003
1783235130.485343,-336.84000000000003
1783235130.495418,-336.84000000000003
1783235130.505416,-336.84000000000003
1783235130.5154426,-336.84000000000003
1783235130.5315075,-336.84000000000003
